"target_code","target_name","horizon","model","model_family","loss","n_evaluation","net_loss_reduction_vs_RW","gross_positive_loss_reduction","gross_loss_deterioration","share_months_better_than_RW","top_months","top_months_share_of_positive_reduction","top_months_share_of_deterioration"
"CPIAUCSL","Consumer Price Index: All Items [CPIAUCSL]",1,"AR(4)","Baseline","AE",88,0.0116771834590561,0.0546748934780781,0.042997710019022,0.534090909090909,12,0.636734861074738,0.621996363270008
"CPIAUCSL","Consumer Price Index: All Items [CPIAUCSL]",1,"LASSO","Regularization","AE",88,0.00518866400598214,0.0566718030784683,0.0514831390724861,0.477272727272727,12,0.601135548373735,0.683820793123099
"CPIAUCSL","Consumer Price Index: All Items [CPIAUCSL]",1,"Ensemble_InvRMSE","Ensemble","AE",88,0.00497144292327486,0.0496133820881453,0.0446419391648704,0.5,12,0.643577448761924,0.62832448795059
"CPIAUCSL","Consumer Price Index: All Items [CPIAUCSL]",1,"Ensemble_Median","Ensemble","AE",88,0.004901104447081,0.0524617017332487,0.0475605972861677,0.465909090909091,12,0.651818919819159,0.638379185986087
"CPIAUCSL","Consumer Price Index: All Items [CPIAUCSL]",1,"Ensemble_Mean","Ensemble","AE",88,0.00483260314092469,0.0499175908318212,0.0450849876908965,0.5,12,0.64817441144497,0.630525912718007
"CPIAUCSL","Consumer Price Index: All Items [CPIAUCSL]",1,"ElasticNet","Regularization","AE",88,0.0039997531350744,0.0561602055637758,0.0521604524287014,0.443181818181818,12,0.607629256087921,0.681186083530718
"CPIAUCSL","Consumer Price Index: All Items [CPIAUCSL]",1,"BorutaRF","FeatureSelection+Tree","AE",88,0.00276560498634843,0.0593916575537611,0.0566260525674127,0.477272727272727,12,0.656075257744886,0.610699252169652
"CPIAUCSL","Consumer Price Index: All Items [CPIAUCSL]",1,"RW","Baseline","AE",88,0,0,0,0,12,,
"CPIAUCSL","Consumer Price Index: All Items [CPIAUCSL]",1,"RandomForest","Tree","AE",88,-0.00318843793524916,0.0579262678123583,0.0611147057476075,0.488636363636364,12,0.625644285412096,0.623185078737148
"CPIAUCSL","Consumer Price Index: All Items [CPIAUCSL]",1,"XGBoost","Boosting","AE",88,-0.00662466054334221,0.0593988116101505,0.0660234721534927,0.443181818181818,12,0.654870544506944,0.576931197929121
"CPIAUCSL","Consumer Price Index: All Items [CPIAUCSL]",1,"Factor","Factor","AE",88,-0.00779033085268927,0.0480349404130377,0.0558252712657269,0.522727272727273,12,0.640649328851275,0.704283977719649
"CPIAUCSL","Consumer Price Index: All Items [CPIAUCSL]",1,"Ridge","Regularization","AE",88,-0.0141036095850499,0.0566420090832719,0.0707456186683218,0.488636363636364,12,0.65353461314827,0.669392619779277
"CPIAUCSL","Consumer Price Index: All Items [CPIAUCSL]",1,"AR(4)","Baseline","SE",88,0.00011087572530795,0.000351717530463239,0.00024084180515529,0.534090909090909,12,0.859893431036125,0.827060855962416
"CPIAUCSL","Consumer Price Index: All Items [CPIAUCSL]",1,"Ensemble_Median","Ensemble","SE",88,8.64249035045302e-05,0.000350878205553715,0.000264453302049185,0.465909090909091,12,0.861969940105642,0.827537112759237
"CPIAUCSL","Consumer Price Index: All Items [CPIAUCSL]",1,"Ensemble_Mean","Ensemble","SE",88,7.6297543860298e-05,0.000327203665959044,0.000250906122098746,0.5,12,0.861650803564176,0.819027391298627
"CPIAUCSL","Consumer Price Index: All Items [CPIAUCSL]",1,"Ensemble_InvRMSE","Ensemble","SE",88,7.53878019716178e-05,0.000322551903640419,0.000247164101668801,0.5,12,0.859020113761368,0.818247999726979
"CPIAUCSL","Consumer Price Index: All Items [CPIAUCSL]",1,"LASSO","Regularization","SE",88,4.51210373474826e-05,0.000365360324210808,0.000320239286863326,0.477272727272727,12,0.857222930800067,0.872056610677289
"CPIAUCSL","Consumer Price Index: All Items [CPIAUCSL]",1,"ElasticNet","Regularization","SE",88,3.47196953729358e-05,0.000358969973217643,0.000324250277844707,0.443181818181818,12,0.856651733461173,0.868367376497014
"CPIAUCSL","Consumer Price Index: All Items [CPIAUCSL]",1,"BorutaRF","FeatureSelection+Tree","SE",88,3.24815331720638e-05,0.000361881780666796,0.000329400247494732,0.477272727272727,12,0.862972664476634,0.796376452261705
"CPIAUCSL","Consumer Price Index: All Items [CPIAUCSL]",1,"RandomForest","Tree","SE",88,2.34470744935498e-05,0.000368089290184868,0.000344642215691318,0.488636363636364,12,0.859297756521194,0.775273081866243
"CPIAUCSL","Consumer Price Index: All Items [CPIAUCSL]",1,"XGBoost","Boosting","SE",88,7.31187205954512e-06,0.000361809036848428,0.000354497164788882,0.443181818181818,12,0.851743032006361,0.725872090242737
"CPIAUCSL","Consumer Price Index: All Items [CPIAUCSL]",1,"RW","Baseline","SE",88,0,0,0,0,12,,
"CPIAUCSL","Consumer Price Index: All Items [CPIAUCSL]",1,"Ridge","Regularization","SE",88,-0.000158743303087886,0.000345131038976984,0.00050387434206487,0.488636363636364,12,0.864911951885493,0.828879851877767
"CPIAUCSL","Consumer Price Index: All Items [CPIAUCSL]",1,"Factor","Factor","SE",88,-0.000253657469495692,0.000306461927701385,0.000560119397197077,0.522727272727273,12,0.841974067061066,0.92379117484982
"CPIAUCSL","Consumer Price Index: All Items [CPIAUCSL]",3,"XGBoost","Boosting","AE",88,0.0464173955855163,0.0958221204982603,0.0494047249127441,0.659090909090909,12,0.525449073810369,0.810643424032521
"CPIAUCSL","Consumer Price Index: All Items [CPIAUCSL]",3,"Ensemble_Mean","Ensemble","AE",88,0.0460275848956008,0.0872665761044753,0.0412389912088745,0.681818181818182,12,0.508471741912211,0.81325014725753
"CPIAUCSL","Consumer Price Index: All Items [CPIAUCSL]",3,"Ensemble_InvRMSE","Ensemble","AE",88,0.0448231575376097,0.0868117131520902,0.0419885556144805,0.681818181818182,12,0.509764465363459,0.810492866396273
"CPIAUCSL","Consumer Price Index: All Items [CPIAUCSL]",3,"AR(4)","Baseline","AE",88,0.0437990164914648,0.0963205412201237,0.0525215247286588,0.625,12,0.560016149940293,0.791936664725408
"CPIAUCSL","Consumer Price Index: All Items [CPIAUCSL]",3,"ElasticNet","Regularization","AE",88,0.0417577057494173,0.0913829727622328,0.0496252670128155,0.659090909090909,12,0.503010357503773,0.812481297962195
"CPIAUCSL","Consumer Price Index: All Items [CPIAUCSL]",3,"Ensemble_Median","Ensemble","AE",88,0.041623453899365,0.0899008550975529,0.0482774011981879,0.659090909090909,12,0.498891502361651,0.824781512652864
"CPIAUCSL","Consumer Price Index: All Items [CPIAUCSL]",3,"LASSO","Regularization","AE",88,0.0413733215173782,0.0906500026916875,0.0492766811743093,0.659090909090909,12,0.499090804148115,0.815741971940866
"CPIAUCSL","Consumer Price Index: All Items [CPIAUCSL]",3,"RandomForest","Tree","AE",88,0.0322766920975305,0.082878120222524,0.0506014281249935,0.625,12,0.532507139876975,0.717127128305269
"CPIAUCSL","Consumer Price Index: All Items [CPIAUCSL]",3,"BorutaRF","FeatureSelection+Tree","AE",88,0.032185934787594,0.0874155897144982,0.0552296549269042,0.590909090909091,12,0.549497393224074,0.736346813192587
"CPIAUCSL","Consumer Price Index: All Items [CPIAUCSL]",3,"Ridge","Regularization","AE",88,0.0291546298536498,0.0846728139655744,0.0555181841119246,0.647727272727273,12,0.496908687008215,0.823051908822006
"CPIAUCSL","Consumer Price Index: All Items [CPIAUCSL]",3,"Factor","Factor","AE",88,0.0191484761963684,0.08101560019654,0.0618671240001716,0.625,12,0.510147480056569,0.823235103389699
"CPIAUCSL","Consumer Price Index: All Items [CPIAUCSL]",3,"RW","Baseline","AE",88,0,0,0,0,12,,
"CPIAUCSL","Consumer Price Index: All Items [CPIAUCSL]",3,"Ensemble_Mean","Ensemble","SE",88,0.000240956960309737,0.000558505081273871,0.000317548120964134,0.681818181818182,12,0.708495381009317,0.908375640833311
"CPIAUCSL","Consumer Price Index: All Items [CPIAUCSL]",3,"XGBoost","Boosting","SE",88,0.00024021490294175,0.000657185975989897,0.000416971073048147,0.659090909090909,12,0.752958438707482,0.913324875008504
"CPIAUCSL","Consumer Price Index: All Items [CPIAUCSL]",3,"Ensemble_InvRMSE","Ensemble","SE",88,0.000236267464840228,0.000559579612242894,0.000323312147402667,0.681818181818182,12,0.710404375952064,0.904586400150478
"CPIAUCSL","Consumer Price Index: All Items [CPIAUCSL]",3,"AR(4)","Baseline","SE",88,0.000227667648296135,0.000668639461113973,0.000440971812817838,0.625,12,0.773306553010572,0.899684083026782
"CPIAUCSL","Consumer Price Index: All Items [CPIAUCSL]",3,"RandomForest","Tree","SE",88,0.000218098392350257,0.000581111235169078,0.000363012842818821,0.625,12,0.757145184133731,0.818647078527199
"CPIAUCSL","Consumer Price Index: All Items [CPIAUCSL]",3,"BorutaRF","FeatureSelection+Tree","SE",88,0.000209114277851803,0.000620308075628939,0.000411193797777137,0.590909090909091,12,0.771728051937126,0.821992744315598
"CPIAUCSL","Consumer Price Index: All Items [CPIAUCSL]",3,"Ensemble_Median","Ensemble","SE",88,0.000166943513963004,0.000578514232390871,0.000411570718427867,0.659090909090909,12,0.721369618616414,0.919258097745016
"CPIAUCSL","Consumer Price Index: All Items [CPIAUCSL]",3,"ElasticNet","Regularization","SE",88,0.000166319940111059,0.000587682424217322,0.000421362484106263,0.659090909090909,12,0.720056561084181,0.916382308807366
"CPIAUCSL","Consumer Price Index: All Items [CPIAUCSL]",3,"LASSO","Regularization","SE",88,0.000156775117078581,0.000577125655018713,0.000420350537940131,0.659090909090909,12,0.716232031461087,0.918637472185918
"CPIAUCSL","Consumer Price Index: All Items [CPIAUCSL]",3,"RW","Baseline","SE",88,0,0,0,0,12,,
"CPIAUCSL","Consumer Price Index: All Items [CPIAUCSL]",3,"Ridge","Regularization","SE",88,-5.26714346848067e-05,0.000490324840090762,0.000542996274775568,0.647727272727273,12,0.689479080617355,0.910078823877548
"CPIAUCSL","Consumer Price Index: All Items [CPIAUCSL]",3,"Factor","Factor","SE",88,-0.000356943357034311,0.000469708046665349,0.00082665140369966,0.625,12,0.703160650824423,0.933191018933549
"CPIAUCSL","Consumer Price Index: All Items [CPIAUCSL]",6,"RandomForest","Tree","AE",88,0.0455258409553667,0.0965929221346841,0.0510670811793174,0.568181818181818,12,0.591335346704953,0.669123262595863
"CPIAUCSL","Consumer Price Index: All Items [CPIAUCSL]",6,"AR(4)","Baseline","AE",88,0.0445791016684469,0.102674076465136,0.0580949747966892,0.579545454545455,12,0.59618032424087,0.693485551635523
"CPIAUCSL","Consumer Price Index: All Items [CPIAUCSL]",6,"Ensemble_Mean","Ensemble","AE",88,0.0438831121548932,0.0898598880786646,0.0459767759237714,0.545454545454545,12,0.593593343933598,0.699158012608148
"CPIAUCSL","Consumer Price Index: All Items [CPIAUCSL]",6,"Ensemble_Median","Ensemble","AE",88,0.0438091879793378,0.098566183017463,0.0547569950381252,0.556818181818182,12,0.603040433700257,0.715077614048443
"CPIAUCSL","Consumer Price Index: All Items [CPIAUCSL]",6,"XGBoost","Boosting","AE",88,0.0435434477347325,0.100737064808158,0.057193617073426,0.579545454545455,12,0.609076878916092,0.690937795463473
"CPIAUCSL","Consumer Price Index: All Items [CPIAUCSL]",6,"Ensemble_InvRMSE","Ensemble","AE",88,0.0434854899308173,0.0897933885304064,0.0463078985995891,0.545454545454545,12,0.591801284407612,0.698691515000224
"CPIAUCSL","Consumer Price Index: All Items [CPIAUCSL]",6,"BorutaRF","FeatureSelection+Tree","AE",88,0.0419498434151893,0.0927459490666733,0.050796105651484,0.556818181818182,12,0.573712923991099,0.672483385910047
"CPIAUCSL","Consumer Price Index: All Items [CPIAUCSL]",6,"Factor","Factor","AE",88,0.0367976406245068,0.0928903601002865,0.0560927194757797,0.568181818181818,12,0.598190550108804,0.689152014731697
"CPIAUCSL","Consumer Price Index: All Items [CPIAUCSL]",6,"LASSO","Regularization","AE",88,0.0332222223511887,0.0969701923693397,0.0637479700181511,0.556818181818182,12,0.600553716784009,0.701254736045769
"CPIAUCSL","Consumer Price Index: All Items [CPIAUCSL]",6,"ElasticNet","Regularization","AE",88,0.0306159473609044,0.09438495710341,0.0637690097425056,0.556818181818182,12,0.594721477462871,0.705644958940892
"CPIAUCSL","Consumer Price Index: All Items [CPIAUCSL]",6,"Ridge","Regularization","AE",88,0.0235100052874622,0.0912431660804957,0.0677331607930335,0.522727272727273,12,0.599745544802223,0.70419725579227
"CPIAUCSL","Consumer Price Index: All Items [CPIAUCSL]",6,"RW","Baseline","AE",88,0,0,0,0,12,,
"CPIAUCSL","Consumer Price Index: All Items [CPIAUCSL]",6,"RandomForest","Tree","SE",88,0.000333817988223288,0.000671334567536422,0.000337516579313133,0.568181818181818,12,0.788024913762768,0.81661634072776
"CPIAUCSL","Consumer Price Index: All Items [CPIAUCSL]",6,"Ensemble_Mean","Ensemble","SE",88,0.000327012316122068,0.000646040220263811,0.000319027904141743,0.545454545454545,12,0.792343069629495,0.838375529351591
"CPIAUCSL","Consumer Price Index: All Items [CPIAUCSL]",6,"Ensemble_InvRMSE","Ensemble","SE",88,0.000323651075240913,0.000644633351155406,0.000320982275914493,0.545454545454545,12,0.791437477113731,0.837745588697811
"CPIAUCSL","Consumer Price Index: All Items [CPIAUCSL]",6,"BorutaRF","FeatureSelection+Tree","SE",88,0.00030752477779111,0.000613750657960178,0.000306225880169068,0.556818181818182,12,0.775305846892005,0.811803391322286
"CPIAUCSL","Consumer Price Index: All Items [CPIAUCSL]",6,"Ensemble_Median","Ensemble","SE",88,0.000271294631242378,0.000689236681218509,0.00041794204997613,0.556818181818182,12,0.796433497680263,0.859599617793817
"CPIAUCSL","Consumer Price Index: All Items [CPIAUCSL]",6,"XGBoost","Boosting","SE",88,0.000262553454241581,0.00069466590359739,0.000432112449355809,0.579545454545455,12,0.798188982170208,0.838820493915035
"CPIAUCSL","Consumer Price Index: All Items [CPIAUCSL]",6,"AR(4)","Baseline","SE",88,0.000247362047619312,0.000697766870949402,0.00045040482333009,0.579545454545455,12,0.791622351061513,0.853655019425482
"CPIAUCSL","Consumer Price Index: All Items [CPIAUCSL]",6,"LASSO","Regularization","SE",88,0.000188627163903428,0.000685465239317386,0.000496838075413958,0.556818181818182,12,0.795962911506513,0.843776783854445
"CPIAUCSL","Consumer Price Index: All Items [CPIAUCSL]",6,"ElasticNet","Regularization","SE",88,0.000166686389532002,0.000668963207770231,0.00050227681823823,0.556818181818182,12,0.793486418599233,0.847694261395341
"CPIAUCSL","Consumer Price Index: All Items [CPIAUCSL]",6,"Factor","Factor","SE",88,0.000157841341838806,0.000610319412688624,0.000452478070849818,0.568181818181818,12,0.787761323803843,0.851544369174845
"CPIAUCSL","Consumer Price Index: All Items [CPIAUCSL]",6,"RW","Baseline","SE",88,0,0,0,0,12,,
"CPIAUCSL","Consumer Price Index: All Items [CPIAUCSL]",6,"Ridge","Regularization","SE",88,-1.59262315719981e-05,0.000622456724855322,0.00063838295642732,0.522727272727273,12,0.793802576741183,0.880746327968806
"CPIAUCSL","Consumer Price Index: All Items [CPIAUCSL]",12,"Ensemble_Median","Ensemble","AE",88,0.0772044210839208,0.119625432969958,0.0424210118860373,0.625,12,0.552033178391707,0.7798707526203
"CPIAUCSL","Consumer Price Index: All Items [CPIAUCSL]",12,"Ridge","Regularization","AE",88,0.0770949995820942,0.120237545719427,0.0431425461373329,0.602272727272727,12,0.553537629055832,0.767551796178373
"CPIAUCSL","Consumer Price Index: All Items [CPIAUCSL]",12,"AR(4)","Baseline","AE",88,0.0765947548589839,0.128010410122176,0.0514156552631918,0.625,12,0.57045230418814,0.765859534543756
"CPIAUCSL","Consumer Price Index: All Items [CPIAUCSL]",12,"LASSO","Regularization","AE",88,0.0751339990192525,0.118080911275138,0.0429469122558855,0.647727272727273,12,0.57150132324567,0.772743488703921
"CPIAUCSL","Consumer Price Index: All Items [CPIAUCSL]",12,"ElasticNet","Regularization","AE",88,0.0748364284060652,0.118236356242674,0.0433999278366093,0.636363636363636,12,0.570557822120265,0.77382512914949
"CPIAUCSL","Consumer Price Index: All Items [CPIAUCSL]",12,"XGBoost","Boosting","AE",88,0.0736902500391707,0.117591373212546,0.0439011231733755,0.636363636363636,12,0.564361006701302,0.756243409505285
"CPIAUCSL","Consumer Price Index: All Items [CPIAUCSL]",12,"Ensemble_Mean","Ensemble","AE",88,0.0707369083907999,0.110791359564228,0.0400544511734283,0.613636363636364,12,0.545043572162068,0.763814124405427
"CPIAUCSL","Consumer Price Index: All Items [CPIAUCSL]",12,"Ensemble_InvRMSE","Ensemble","AE",88,0.0703323922006317,0.111744019336302,0.0414116271356707,0.613636363636364,12,0.548673321236371,0.765337175535978
"CPIAUCSL","Consumer Price Index: All Items [CPIAUCSL]",12,"Factor","Factor","AE",88,0.068442706448139,0.116212438730044,0.0477697322819053,0.579545454545455,12,0.570549051584642,0.759600650383866
"CPIAUCSL","Consumer Price Index: All Items [CPIAUCSL]",12,"RandomForest","Tree","AE",88,0.0622549136123747,0.112652095849371,0.0503971822369959,0.636363636363636,12,0.545086289075218,0.731008793840041
"CPIAUCSL","Consumer Price Index: All Items [CPIAUCSL]",12,"BorutaRF","FeatureSelection+Tree","AE",88,0.0498093171003915,0.103131257180064,0.0533219400796729,0.590909090909091,12,0.563312560150885,0.722107191509409
"CPIAUCSL","Consumer Price Index: All Items [CPIAUCSL]",12,"RW","Baseline","AE",88,0,0,0,0,12,,
"CPIAUCSL","Consumer Price Index: All Items [CPIAUCSL]",12,"Ensemble_Median","Ensemble","SE",88,0.000658805154079869,0.000991962306247098,0.000333157152167229,0.625,12,0.756602355900473,0.910803578188564
"CPIAUCSL","Consumer Price Index: All Items [CPIAUCSL]",12,"Ridge","Regularization","SE",88,0.000650436535106381,0.000992050360987467,0.000341613825881086,0.602272727272727,12,0.754259883403354,0.906926847028246
"CPIAUCSL","Consumer Price Index: All Items [CPIAUCSL]",12,"LASSO","Regularization","SE",88,0.000650153766170294,0.000981441716698266,0.000331287950527972,0.647727272727273,12,0.763749434261815,0.903752359101645
"CPIAUCSL","Consumer Price Index: All Items [CPIAUCSL]",12,"XGBoost","Boosting","SE",88,0.000648465295645838,0.000993305164950554,0.000344839869304716,0.636363636363636,12,0.762427434698748,0.914204942025518
"CPIAUCSL","Consumer Price Index: All Items [CPIAUCSL]",12,"Ensemble_Mean","Ensemble","SE",88,0.00064479203676908,0.00095064324474909,0.00030585120798001,0.613636363636364,12,0.754495648844347,0.907199278653768
"CPIAUCSL","Consumer Price Index: All Items [CPIAUCSL]",12,"ElasticNet","Regularization","SE",88,0.000643306074905885,0.000981572361281137,0.000338266286375253,0.636363636363636,12,0.763553749605686,0.906139317091543
"CPIAUCSL","Consumer Price Index: All Items [CPIAUCSL]",12,"Ensemble_InvRMSE","Ensemble","SE",88,0.000637302694926518,0.000958146716593459,0.000320844021666941,0.613636363636364,12,0.756877808880852,0.90862072177733
"CPIAUCSL","Consumer Price Index: All Items [CPIAUCSL]",12,"AR(4)","Baseline","SE",88,0.000628480546022329,0.00104357074327843,0.000415090197256103,0.625,12,0.762921893471058,0.908382574151044
"CPIAUCSL","Consumer Price Index: All Items [CPIAUCSL]",12,"RandomForest","Tree","SE",88,0.000570191757375209,0.000969531045274848,0.000399339287899639,0.636363636363636,12,0.763528028758973,0.898749996344792
"CPIAUCSL","Consumer Price Index: All Items [CPIAUCSL]",12,"Factor","Factor","SE",88,0.000554605625707718,0.000943273666144598,0.000388668040436881,0.579545454545455,12,0.74527758027565,0.910273529749209
"CPIAUCSL","Consumer Price Index: All Items [CPIAUCSL]",12,"BorutaRF","FeatureSelection+Tree","SE",88,0.000516478098150775,0.000942599782919399,0.000426121684768623,0.590909090909091,12,0.771910517648591,0.882974696879814
"CPIAUCSL","Consumer Price Index: All Items [CPIAUCSL]",12,"RW","Baseline","SE",88,0,0,0,0,12,,
"INDPRO","Industrial Production Index [INDPRO]",1,"BorutaRF","FeatureSelection+Tree","AE",90,0.373800831116341,0.482129630733929,0.108328799617587,0.766666666666667,12,0.587921321965125,0.913723802597075
"INDPRO","Industrial Production Index [INDPRO]",1,"XGBoost","Boosting","AE",90,0.352771194028423,0.479024782339274,0.126253588310851,0.666666666666667,12,0.636130465721787,0.842310909199617
"INDPRO","Industrial Production Index [INDPRO]",1,"RandomForest","Tree","AE",90,0.321193943985713,0.434336513681809,0.113142569696096,0.7,12,0.580731877649218,0.916969519751476
"INDPRO","Industrial Production Index [INDPRO]",1,"Ensemble_Median","Ensemble","AE",90,0.245594327315849,0.348954084549656,0.103359757233807,0.7,12,0.496955757891384,0.915140444677157
"INDPRO","Industrial Production Index [INDPRO]",1,"Ensemble_Mean","Ensemble","AE",90,0.238749245841164,0.339027506197183,0.100278260356019,0.688888888888889,12,0.503320301031268,0.888372685606111
"INDPRO","Industrial Production Index [INDPRO]",1,"Ensemble_InvRMSE","Ensemble","AE",90,0.236586180742256,0.336215461307425,0.0996292805651692,0.688888888888889,12,0.497976682478031,0.893373772723541
"INDPRO","Industrial Production Index [INDPRO]",1,"ElasticNet","Regularization","AE",90,0.182488047301733,0.339771572615778,0.157283525314045,0.666666666666667,12,0.52352167370928,0.85994884511202
"INDPRO","Industrial Production Index [INDPRO]",1,"LASSO","Regularization","AE",90,0.171111076768395,0.33837867527926,0.167267598510864,0.633333333333333,12,0.528694788544465,0.849533722292759
"INDPRO","Industrial Production Index [INDPRO]",1,"Ridge","Regularization","AE",90,0.161929089842675,0.342910476168137,0.180981386325463,0.644444444444444,12,0.51140638726122,0.872830195856312
"INDPRO","Industrial Production Index [INDPRO]",1,"AR(4)","Baseline","AE",90,0.161003952893588,0.332460458917558,0.17145650602397,0.677777777777778,12,0.557810448083078,0.897817971360224
"INDPRO","Industrial Production Index [INDPRO]",1,"Factor","Factor","AE",90,0.0799045466302754,0.3152570138582,0.235352467227925,0.611111111111111,12,0.495344025049766,0.81013799513678
"INDPRO","Industrial Production Index [INDPRO]",1,"RW","Baseline","AE",90,0,0,0,0,12,,
"INDPRO","Industrial Production Index [INDPRO]",1,"XGBoost","Boosting","SE",90,0.020451688177286,0.0334374271130204,0.0129857389357344,0.666666666666667,12,0.935599285280809,0.988260740558217
"INDPRO","Industrial Production Index [INDPRO]",1,"BorutaRF","FeatureSelection+Tree","SE",90,0.0192418923584944,0.0307173086466333,0.0114754162881389,0.766666666666667,12,0.922012794793215,0.9957185706823
"INDPRO","Industrial Production Index [INDPRO]",1,"RandomForest","Tree","SE",90,0.0159555864264924,0.0281563528697155,0.0122007664432232,0.7,12,0.921453544030473,0.993643629673918
"INDPRO","Industrial Production Index [INDPRO]",1,"AR(4)","Baseline","SE",90,0.00553269154076612,0.0241069451525982,0.0185742536118321,0.677777777777778,12,0.92587376175499,0.995061285988475
"INDPRO","Industrial Production Index [INDPRO]",1,"Ensemble_Mean","Ensemble","SE",90,0.00465763083671584,0.0151050187826192,0.0104473879459034,0.688888888888889,12,0.860440146502744,0.992412873159876
"INDPRO","Industrial Production Index [INDPRO]",1,"Ensemble_InvRMSE","Ensemble","SE",90,0.00349034388972519,0.0139786235037495,0.0104882796140244,0.688888888888889,12,0.84909943332129,0.993039739189302
"INDPRO","Industrial Production Index [INDPRO]",1,"RW","Baseline","SE",90,0,0,0,0,12,,
"INDPRO","Industrial Production Index [INDPRO]",1,"Ensemble_Median","Ensemble","SE",90,-0.00284126403063548,0.00898349309200614,0.0118247571226416,0.7,12,0.767800400732612,0.995106869983728
"INDPRO","Industrial Production Index [INDPRO]",1,"ElasticNet","Regularization","SE",90,-0.0103699725214396,0.00912003740655287,0.0194900099279925,0.666666666666667,12,0.782104540098952,0.9913148757032
"INDPRO","Industrial Production Index [INDPRO]",1,"LASSO","Regularization","SE",90,-0.011102584089556,0.00923104389406752,0.0203336279836236,0.633333333333333,12,0.775884480842588,0.990726368246913
"INDPRO","Industrial Production Index [INDPRO]",1,"Ridge","Regularization","SE",90,-0.0245186380000659,0.0089348880401836,0.0334535260402495,0.644444444444444,12,0.772258001883783,0.994921685517278
"INDPRO","Industrial Production Index [INDPRO]",1,"Factor","Factor","SE",90,-0.0427838772265218,0.00769042398554237,0.0504743012120642,0.611111111111111,12,0.750851134452943,0.989749180058306
"INDPRO","Industrial Production Index [INDPRO]",3,"XGBoost","Boosting","AE",90,0.406410165084752,0.511985982152126,0.105575817067374,0.6,12,0.748805205207166,0.648616631018549
"INDPRO","Industrial Production Index [INDPRO]",3,"Ridge","Regularization","AE",90,0.356839085044214,0.475613862150125,0.118774777105911,0.6,12,0.721422713579932,0.67801262000922
"INDPRO","Industrial Production Index [INDPRO]",3,"ElasticNet","Regularization","AE",90,0.352271193220162,0.452694007491058,0.100422814270896,0.611111111111111,12,0.714286002497235,0.650196410641114
"INDPRO","Industrial Production Index [INDPRO]",3,"Ensemble_InvRMSE","Ensemble","AE",90,0.34840374419599,0.429552989064348,0.0811492448683577,0.633333333333333,12,0.712880132185171,0.674786410414163
"INDPRO","Industrial Production Index [INDPRO]",3,"LASSO","Regularization","AE",90,0.348083370926229,0.448642480224285,0.100559109298056,0.622222222222222,12,0.710894204548766,0.649753349075221
"INDPRO","Industrial Production Index [INDPRO]",3,"Ensemble_Mean","Ensemble","AE",90,0.346867307032386,0.427340893015075,0.0804735859826898,0.655555555555556,12,0.71456082513208,0.677978862583684
"INDPRO","Industrial Production Index [INDPRO]",3,"Ensemble_Median","Ensemble","AE",90,0.345353604680481,0.444061180737525,0.098707576057044,0.611111111111111,12,0.717838372173476,0.643362509378068
"INDPRO","Industrial Production Index [INDPRO]",3,"BorutaRF","FeatureSelection+Tree","AE",90,0.331872748592854,0.450133163682261,0.118260415089407,0.5,12,0.771760367651112,0.638109457118942
"INDPRO","Industrial Production Index [INDPRO]",3,"AR(4)","Baseline","AE",90,0.314816028645697,0.441211213216514,0.126395184570817,0.588888888888889,12,0.717331646775037,0.673475962397114
"INDPRO","Industrial Production Index [INDPRO]",3,"RandomForest","Tree","AE",90,0.314489886678282,0.427268453449702,0.11277856677142,0.577777777777778,12,0.743660375806733,0.694821197976023
"INDPRO","Industrial Production Index [INDPRO]",3,"Factor","Factor","AE",90,0.246635662797911,0.351848420781232,0.105212757983321,0.566666666666667,12,0.68527751383041,0.579717819702452
"INDPRO","Industrial Production Index [INDPRO]",3,"RW","Baseline","AE",90,0,0,0,0,12,,
"INDPRO","Industrial Production Index [INDPRO]",3,"XGBoost","Boosting","SE",90,0.0432853506226797,0.0471178239384725,0.00383247331579287,0.6,12,0.966989256867212,0.931007922128979
"INDPRO","Industrial Production Index [INDPRO]",3,"RandomForest","Tree","SE",90,0.0393056065489136,0.0434636464121909,0.00415803986327729,0.577777777777778,12,0.969553126528616,0.928183599452694
"INDPRO","Industrial Production Index [INDPRO]",3,"BorutaRF","FeatureSelection+Tree","SE",90,0.0390852196582052,0.043272566717898,0.00418734705969278,0.5,12,0.971817419202789,0.90810631995879
"INDPRO","Industrial Production Index [INDPRO]",3,"Ridge","Regularization","SE",90,0.0385543399060713,0.0427864183783974,0.00423207847232607,0.6,12,0.962781711948199,0.936959526421927
"INDPRO","Industrial Production Index [INDPRO]",3,"ElasticNet","Regularization","SE",90,0.0354935325556099,0.03917955731963,0.0036860247640201,0.611111111111111,12,0.960115896294611,0.937029639598084
"INDPRO","Industrial Production Index [INDPRO]",3,"Ensemble_Median","Ensemble","SE",90,0.0354373877257848,0.0390744475471559,0.00363705982137102,0.611111111111111,12,0.961126320311971,0.932712186569894
"INDPRO","Industrial Production Index [INDPRO]",3,"Ensemble_Mean","Ensemble","SE",90,0.0354082209160535,0.0384027920520741,0.00299457113602059,0.655555555555556,12,0.960835390844906,0.946428004171852
"INDPRO","Industrial Production Index [INDPRO]",3,"Ensemble_InvRMSE","Ensemble","SE",90,0.0353495863320675,0.038261032615473,0.00291144628340555,0.633333333333333,12,0.960132317063902,0.943461199117632
"INDPRO","Industrial Production Index [INDPRO]",3,"LASSO","Regularization","SE",90,0.0348011139644396,0.0384874332664492,0.00368631930200959,0.622222222222222,12,0.959173553746683,0.937147193482523
"INDPRO","Industrial Production Index [INDPRO]",3,"AR(4)","Baseline","SE",90,0.0338672576615638,0.0382736651073982,0.00440640744583433,0.588888888888889,12,0.962297393125888,0.932891983594575
"INDPRO","Industrial Production Index [INDPRO]",3,"Factor","Factor","SE",90,0.0231028436298572,0.0261761002330072,0.00307325660314999,0.566666666666667,12,0.949596648392321,0.887411731482333
"INDPRO","Industrial Production Index [INDPRO]",3,"RW","Baseline","SE",90,0,0,0,0,12,,
"INDPRO","Industrial Production Index [INDPRO]",6,"Ensemble_Median","Ensemble","AE",90,0.375233010786952,0.469664106502275,0.0944310957153238,0.577777777777778,12,0.743223885446942,0.621223772174239
"INDPRO","Industrial Production Index [INDPRO]",6,"Ridge","Regularization","AE",90,0.360905343943749,0.465946525328182,0.105041181384433,0.6,12,0.730772103597166,0.63093594252034
"INDPRO","Industrial Production Index [INDPRO]",6,"XGBoost","Boosting","AE",90,0.339775365323027,0.459571581176418,0.119796215853391,0.577777777777778,12,0.745963830400682,0.580259795785601
"INDPRO","Industrial Production Index [INDPRO]",6,"RandomForest","Tree","AE",90,0.330866183463628,0.446557524485014,0.115691341021386,0.522222222222222,12,0.760609233498007,0.581676209713302
"INDPRO","Industrial Production Index [INDPRO]",6,"AR(4)","Baseline","AE",90,0.330211735126063,0.422007397677142,0.0917956625510792,0.566666666666667,12,0.721107067630748,0.619747053317644
"INDPRO","Industrial Production Index [INDPRO]",6,"Ensemble_Mean","Ensemble","AE",90,0.320594859708568,0.404564512848246,0.0839696531396784,0.6,12,0.740663381523344,0.639782342444381
"INDPRO","Industrial Production Index [INDPRO]",6,"Ensemble_InvRMSE","Ensemble","AE",90,0.319672114822693,0.404482604418706,0.0848104895960134,0.6,12,0.741070798390345,0.64173836723377
"INDPRO","Industrial Production Index [INDPRO]",6,"Factor","Factor","AE",90,0.265069542904639,0.365921325598297,0.100851782693657,0.577777777777778,12,0.691184622705512,0.612993218696823
"INDPRO","Industrial Production Index [INDPRO]",6,"LASSO","Regularization","AE",90,0.258479164023669,0.469123505615745,0.210644341592076,0.588888888888889,12,0.741216641842463,0.768584807826404
"INDPRO","Industrial Production Index [INDPRO]",6,"BorutaRF","FeatureSelection+Tree","AE",90,0.234435925459465,0.393643630798812,0.159207705339347,0.444444444444444,12,0.802990273061888,0.589118578358945
"INDPRO","Industrial Production Index [INDPRO]",6,"ElasticNet","Regularization","AE",90,0.0469415517300271,0.435869086286524,0.388927534556497,0.566666666666667,12,0.748988008856665,0.854244877105443
"INDPRO","Industrial Production Index [INDPRO]",6,"RW","Baseline","AE",90,0,0,0,0,12,,
"INDPRO","Industrial Production Index [INDPRO]",6,"Ensemble_Median","Ensemble","SE",90,0.0297136948830083,0.03300964747115,0.00329595258814175,0.577777777777778,12,0.95381664720287,0.932808566859785
"INDPRO","Industrial Production Index [INDPRO]",6,"RandomForest","Tree","SE",90,0.0292480390381876,0.0328383735892506,0.0035903345510629,0.522222222222222,12,0.96045187332717,0.893977208113696
"INDPRO","Industrial Production Index [INDPRO]",6,"XGBoost","Boosting","SE",90,0.0288534339720676,0.0331172416307337,0.00426380765866609,0.577777777777778,12,0.958898337466495,0.898905349111176
"INDPRO","Industrial Production Index [INDPRO]",6,"Ridge","Regularization","SE",90,0.0283137451442114,0.0322586192541949,0.00394487410998346,0.6,12,0.948224060538342,0.937027435021336
"INDPRO","Industrial Production Index [INDPRO]",6,"Ensemble_Mean","Ensemble","SE",90,0.0279842129382701,0.0311368602332678,0.00315264729499766,0.6,12,0.95679686884865,0.943282849950837
"INDPRO","Industrial Production Index [INDPRO]",6,"Ensemble_InvRMSE","Ensemble","SE",90,0.0279461396955442,0.031085833802399,0.00313969410685485,0.6,12,0.956702380123891,0.941621487785356
"INDPRO","Industrial Production Index [INDPRO]",6,"AR(4)","Baseline","SE",90,0.0276395668648224,0.0308623755645529,0.00322280869973047,0.566666666666667,12,0.945921408844579,0.940901437910739
"INDPRO","Industrial Production Index [INDPRO]",6,"BorutaRF","FeatureSelection+Tree","SE",90,0.0261181720573354,0.0310427118967983,0.00492453983946295,0.444444444444444,12,0.961543393048045,0.890713982268125
"INDPRO","Industrial Production Index [INDPRO]",6,"Factor","Factor","SE",90,0.0243724658548545,0.0275275756926242,0.00315510983776973,0.577777777777778,12,0.94675020441057,0.914995986278149
"INDPRO","Industrial Production Index [INDPRO]",6,"LASSO","Regularization","SE",90,0.0131465497204923,0.0327103126646165,0.0195637629441242,0.588888888888889,12,0.952092515133608,0.981764501298848
"INDPRO","Industrial Production Index [INDPRO]",6,"RW","Baseline","SE",90,0,0,0,0,12,,
"INDPRO","Industrial Production Index [INDPRO]",6,"ElasticNet","Regularization","SE",90,-0.0244221124283598,0.0304028207749285,0.0548249332032882,0.566666666666667,12,0.95988225979479,0.992313821452311
"INDPRO","Industrial Production Index [INDPRO]",12,"Ridge","Regularization","AE",90,0.47080689454365,0.559722694628809,0.0889158000851588,0.644444444444444,12,0.694447756227546,0.731458292537826
"INDPRO","Industrial Production Index [INDPRO]",12,"ElasticNet","Regularization","AE",90,0.470683523069899,0.559996381191666,0.0893128581217668,0.644444444444444,12,0.696111997402673,0.730768260100054
"INDPRO","Industrial Production Index [INDPRO]",12,"LASSO","Regularization","AE",90,0.470683523069899,0.559996381191666,0.0893128581217668,0.644444444444444,12,0.696111997402673,0.730768260100054
"INDPRO","Industrial Production Index [INDPRO]",12,"Ensemble_Median","Ensemble","AE",90,0.469290443804306,0.558341558567709,0.0890511147634026,0.644444444444444,12,0.695011714334424,0.73142660826865
"INDPRO","Industrial Production Index [INDPRO]",12,"XGBoost","Boosting","AE",90,0.465644504674141,0.557682519422268,0.0920380147481268,0.633333333333333,12,0.701137673855554,0.709777251264748
"INDPRO","Industrial Production Index [INDPRO]",12,"AR(4)","Baseline","AE",90,0.454322608391718,0.544908321004652,0.0905857126129345,0.655555555555556,12,0.683668296822125,0.723722564771005
"INDPRO","Industrial Production Index [INDPRO]",12,"Ensemble_Mean","Ensemble","AE",90,0.446847063595981,0.527992593037805,0.0811455294418235,0.644444444444444,12,0.685851255691181,0.716661425111395
"INDPRO","Industrial Production Index [INDPRO]",12,"Ensemble_InvRMSE","Ensemble","AE",90,0.44650071510899,0.529261651371268,0.0827609362622779,0.644444444444444,12,0.683845162889719,0.71489660737954
"INDPRO","Industrial Production Index [INDPRO]",12,"Factor","Factor","AE",90,0.395896972133403,0.500304718803765,0.104407746670362,0.611111111111111,12,0.659728718164836,0.729291923113165
"INDPRO","Industrial Production Index [INDPRO]",12,"RandomForest","Tree","AE",90,0.389083003366151,0.514904811838014,0.125821808471864,0.566666666666667,12,0.692523408279587,0.646509668120957
"INDPRO","Industrial Production Index [INDPRO]",12,"BorutaRF","FeatureSelection+Tree","AE",90,0.244424384231411,0.468578806325953,0.224154422094542,0.555555555555556,12,0.726319332719579,0.706773259371931
"INDPRO","Industrial Production Index [INDPRO]",12,"RW","Baseline","AE",90,0,0,0,0,12,,
"INDPRO","Industrial Production Index [INDPRO]",12,"ElasticNet","Regularization","SE",90,0.0322485826402769,0.0351954927803174,0.00294691014004051,0.644444444444444,12,0.929080860812128,0.931802459110926
"INDPRO","Industrial Production Index [INDPRO]",12,"LASSO","Regularization","SE",90,0.0322485826402769,0.0351954927803174,0.00294691014004051,0.644444444444444,12,0.929080860812128,0.931802459110926
"INDPRO","Industrial Production Index [INDPRO]",12,"Ridge","Regularization","SE",90,0.0322215140017092,0.0351617579913086,0.00294024398959935,0.644444444444444,12,0.929234728741395,0.933584105257632
"INDPRO","Industrial Production Index [INDPRO]",12,"XGBoost","Boosting","SE",90,0.0322165676942115,0.0352082534060573,0.00299168571184578,0.633333333333333,12,0.930586907094707,0.921031654844704
"INDPRO","Industrial Production Index [INDPRO]",12,"Ensemble_Median","Ensemble","SE",90,0.0322112038450671,0.0351566913474116,0.00294548750234454,0.644444444444444,12,0.929287627518905,0.931708334085039
"INDPRO","Industrial Production Index [INDPRO]",12,"AR(4)","Baseline","SE",90,0.0320001848609919,0.0350260334043654,0.00302584854337357,0.655555555555556,12,0.928528041129063,0.934725126315919
"INDPRO","Industrial Production Index [INDPRO]",12,"Ensemble_InvRMSE","Ensemble","SE",90,0.0316229663459902,0.03425960791516,0.00263664156916977,0.644444444444444,12,0.930455103530602,0.921172428554847
"INDPRO","Industrial Production Index [INDPRO]",12,"Ensemble_Mean","Ensemble","SE",90,0.0316174014655267,0.0342358863070776,0.00261848484155091,0.644444444444444,12,0.931003984886884,0.922597841786932
"INDPRO","Industrial Production Index [INDPRO]",12,"RandomForest","Tree","SE",90,0.030710672103491,0.0344326698260899,0.00372199772259897,0.566666666666667,12,0.935152011446789,0.877173507071376
"INDPRO","Industrial Production Index [INDPRO]",12,"Factor","Factor","SE",90,0.0293416039836071,0.0326528135936431,0.003311209610036,0.611111111111111,12,0.926313569144204,0.922846380211954
"INDPRO","Industrial Production Index [INDPRO]",12,"BorutaRF","FeatureSelection+Tree","SE",90,0.0262986345202123,0.0335593932118275,0.00726075869161516,0.555555555555556,12,0.940416085478256,0.905312755449872
"INDPRO","Industrial Production Index [INDPRO]",12,"RW","Baseline","SE",90,0,0,0,0,12,,
"PCEPI","Personal Consumption Expenditures Price Index [PCEPI]",1,"RW","Baseline","AE",90,0,0,0,0,12,,
"PCEPI","Personal Consumption Expenditures Price Index [PCEPI]",1,"AR(4)","Baseline","AE",90,-0.00167971466952975,0.0374364417434922,0.039116156413022,0.488888888888889,12,0.619625455939898,0.586341297549934
"PCEPI","Personal Consumption Expenditures Price Index [PCEPI]",1,"Ensemble_InvRMSE","Ensemble","AE",90,-0.0029735169580784,0.0401352368243042,0.0431087537823826,0.511111111111111,12,0.59610663068462,0.583429806551753
"PCEPI","Personal Consumption Expenditures Price Index [PCEPI]",1,"BorutaRF","FeatureSelection+Tree","AE",90,-0.00357031937911695,0.0438397085093709,0.0474100278884879,0.511111111111111,12,0.577048026752018,0.545130400744713
"PCEPI","Personal Consumption Expenditures Price Index [PCEPI]",1,"Ensemble_Mean","Ensemble","AE",90,-0.00375864893090811,0.0407771913693679,0.044535840300276,0.511111111111111,12,0.602320389872918,0.585731945119331
"PCEPI","Personal Consumption Expenditures Price Index [PCEPI]",1,"Ensemble_Median","Ensemble","AE",90,-0.00749353105571294,0.042000171447153,0.0494937025028659,0.488888888888889,12,0.604035783928605,0.564367909659649
"PCEPI","Personal Consumption Expenditures Price Index [PCEPI]",1,"Factor","Factor","AE",90,-0.00805812700441713,0.0343402589862793,0.0423983859906964,0.455555555555556,12,0.617368346541521,0.579785281636985
"PCEPI","Personal Consumption Expenditures Price Index [PCEPI]",1,"LASSO","Regularization","AE",90,-0.00925086501479907,0.0445899513228493,0.0538408163376484,0.488888888888889,12,0.586612334563897,0.567811011160589
"PCEPI","Personal Consumption Expenditures Price Index [PCEPI]",1,"XGBoost","Boosting","AE",90,-0.0100442468835951,0.0510164532069828,0.0610607000905778,0.522222222222222,12,0.586093737053558,0.564769961703124
"PCEPI","Personal Consumption Expenditures Price Index [PCEPI]",1,"ElasticNet","Regularization","AE",90,-0.0116998720025398,0.0448123611665834,0.0565122331691233,0.5,12,0.585677987331854,0.562505041783557
"PCEPI","Personal Consumption Expenditures Price Index [PCEPI]",1,"RandomForest","Tree","AE",90,-0.0146434523646723,0.0437316977736601,0.0583751501383324,0.5,12,0.605816552373432,0.546876281201789
"PCEPI","Personal Consumption Expenditures Price Index [PCEPI]",1,"Ridge","Regularization","AE",90,-0.0311490615864738,0.0450429497316326,0.0761920113181064,0.488888888888889,12,0.631575395951602,0.584319600694483
"PCEPI","Personal Consumption Expenditures Price Index [PCEPI]",1,"AR(4)","Baseline","SE",90,4.95130155421785e-05,0.00018216539986472,0.000132652384322541,0.488888888888889,12,0.809557118230439,0.736457550586117
"PCEPI","Personal Consumption Expenditures Price Index [PCEPI]",1,"BorutaRF","FeatureSelection+Tree","SE",90,4.41235218630323e-05,0.000200419345347764,0.000156295823484732,0.511111111111111,12,0.808085633998948,0.700017145595041
"PCEPI","Personal Consumption Expenditures Price Index [PCEPI]",1,"Ensemble_InvRMSE","Ensemble","SE",90,4.14423511315726e-05,0.000189026128535671,0.000147583777404098,0.511111111111111,12,0.80960103911165,0.717458025307513
"PCEPI","Personal Consumption Expenditures Price Index [PCEPI]",1,"Ensemble_Mean","Ensemble","SE",90,3.77414957996982e-05,0.000193295629819391,0.000155554134019693,0.511111111111111,12,0.813990642541413,0.722424107946295
"PCEPI","Personal Consumption Expenditures Price Index [PCEPI]",1,"Ensemble_Median","Ensemble","SE",90,2.32984655275774e-05,0.000201271768227659,0.000177973302700082,0.488888888888889,12,0.819695598841026,0.697037583409114
"PCEPI","Personal Consumption Expenditures Price Index [PCEPI]",1,"Factor","Factor","SE",90,1.3239527273181e-05,0.000161604898754939,0.000148365371481758,0.455555555555556,12,0.83285264711822,0.687034064996608
"PCEPI","Personal Consumption Expenditures Price Index [PCEPI]",1,"RW","Baseline","SE",90,0,0,0,0,12,,
"PCEPI","Personal Consumption Expenditures Price Index [PCEPI]",1,"LASSO","Regularization","SE",90,-1.53303710040169e-06,0.000211674521809359,0.000213207558909761,0.488888888888889,12,0.801601585574633,0.718806013180051
"PCEPI","Personal Consumption Expenditures Price Index [PCEPI]",1,"XGBoost","Boosting","SE",90,-7.42713862449991e-06,0.000233017757996453,0.000240444896620953,0.522222222222222,12,0.802349871064074,0.713863314008571
"PCEPI","Personal Consumption Expenditures Price Index [PCEPI]",1,"RandomForest","Tree","SE",90,-8.7899087913766e-06,0.000206703681222886,0.000215493590014262,0.5,12,0.814441769598556,0.689750815721791
"PCEPI","Personal Consumption Expenditures Price Index [PCEPI]",1,"ElasticNet","Regularization","SE",90,-1.71638948350465e-05,0.000212244916531671,0.000229408811366717,0.5,12,0.801456124374922,0.715241111960654
"PCEPI","Personal Consumption Expenditures Price Index [PCEPI]",1,"Ridge","Regularization","SE",90,-0.000166297981335054,0.000212338459627453,0.000378636440962507,0.488888888888889,12,0.821976300016477,0.753835071053918
"PCEPI","Personal Consumption Expenditures Price Index [PCEPI]",3,"BorutaRF","FeatureSelection+Tree","AE",90,0.0161343057042487,0.061482489771795,0.0453481840675463,0.566666666666667,12,0.570891834953199,0.649805057041943
"PCEPI","Personal Consumption Expenditures Price Index [PCEPI]",3,"Ensemble_InvRMSE","Ensemble","AE",90,0.00832061528789191,0.0568366743264394,0.0485160590385475,0.6,12,0.504289779612222,0.666766894520082
"PCEPI","Personal Consumption Expenditures Price Index [PCEPI]",3,"Ensemble_Mean","Ensemble","AE",90,0.00820266019311313,0.0568861674444991,0.048683507251386,0.6,12,0.503944996949308,0.667937128783162
"PCEPI","Personal Consumption Expenditures Price Index [PCEPI]",3,"AR(4)","Baseline","AE",90,0.00628637489065379,0.0605322354234304,0.0542458605327767,0.588888888888889,12,0.556028336324897,0.682053088429152
"PCEPI","Personal Consumption Expenditures Price Index [PCEPI]",3,"RandomForest","Tree","AE",90,0.00253139366970045,0.0578957752662547,0.0553643815965543,0.544444444444444,12,0.548713060399462,0.60949641187022
"PCEPI","Personal Consumption Expenditures Price Index [PCEPI]",3,"RW","Baseline","AE",90,0,0,0,0,12,,
"PCEPI","Personal Consumption Expenditures Price Index [PCEPI]",3,"Ensemble_Median","Ensemble","AE",90,-0.000524822619263315,0.0563823711096341,0.0569071937288974,0.577777777777778,12,0.488756724150174,0.67058870065233
"PCEPI","Personal Consumption Expenditures Price Index [PCEPI]",3,"XGBoost","Boosting","AE",90,-0.00181202628170762,0.0582411063720283,0.0600531326537359,0.555555555555556,12,0.490143151184717,0.671164522091416
"PCEPI","Personal Consumption Expenditures Price Index [PCEPI]",3,"ElasticNet","Regularization","AE",90,-0.00752789471206763,0.0559036482653442,0.0634315429774118,0.544444444444444,12,0.479385223727576,0.655350953838019
"PCEPI","Personal Consumption Expenditures Price Index [PCEPI]",3,"LASSO","Regularization","AE",90,-0.00820370484179497,0.0551573086994551,0.0633610135412501,0.544444444444444,12,0.485185882331647,0.656191082213214
"PCEPI","Personal Consumption Expenditures Price Index [PCEPI]",3,"Ridge","Regularization","AE",90,-0.0131491882579859,0.0531090718152166,0.0662582600732025,0.566666666666667,12,0.461657468484035,0.627745525010452
"PCEPI","Personal Consumption Expenditures Price Index [PCEPI]",3,"Factor","Factor","AE",90,-0.0161897589285672,0.050094011195029,0.0662837701235962,0.555555555555556,12,0.507342750004008,0.653952375094028
"PCEPI","Personal Consumption Expenditures Price Index [PCEPI]",3,"BorutaRF","FeatureSelection+Tree","SE",90,9.71343646139052e-05,0.000287506327169893,0.000190371962555988,0.566666666666667,12,0.725423572216085,0.765248899628222
"PCEPI","Personal Consumption Expenditures Price Index [PCEPI]",3,"Ensemble_InvRMSE","Ensemble","SE",90,2.55587132112138e-05,0.000244327744523755,0.000218769031312541,0.6,12,0.634437635781056,0.788935391954594
"PCEPI","Personal Consumption Expenditures Price Index [PCEPI]",3,"Ensemble_Mean","Ensemble","SE",90,2.14326266544957e-05,0.00024248934153753,0.000221056714883034,0.6,12,0.630191358387545,0.791813216715116
"PCEPI","Personal Consumption Expenditures Price Index [PCEPI]",3,"AR(4)","Baseline","SE",90,1.50469794760332e-05,0.00028158028450467,0.000266533305028636,0.588888888888889,12,0.713144259651175,0.797753590687394
"PCEPI","Personal Consumption Expenditures Price Index [PCEPI]",3,"RandomForest","Tree","SE",90,1.50447591836849e-05,0.000260995415872193,0.000245950656688508,0.544444444444444,12,0.714950730852743,0.733675816329644
"PCEPI","Personal Consumption Expenditures Price Index [PCEPI]",3,"RW","Baseline","SE",90,0,0,0,0,12,,
"PCEPI","Personal Consumption Expenditures Price Index [PCEPI]",3,"Ensemble_Median","Ensemble","SE",90,-3.71384922882869e-05,0.00024588546329028,0.000283023955578567,0.577777777777778,12,0.64147276986618,0.791727466642619
"PCEPI","Personal Consumption Expenditures Price Index [PCEPI]",3,"XGBoost","Boosting","SE",90,-4.22683822922307e-05,0.000268381290590764,0.000310649672882995,0.555555555555556,12,0.679159963063341,0.799294642919563
"PCEPI","Personal Consumption Expenditures Price Index [PCEPI]",3,"ElasticNet","Regularization","SE",90,-7.77296501947124e-05,0.000252307698788461,0.000330037348983173,0.544444444444444,12,0.63619091304311,0.797540734508203
"PCEPI","Personal Consumption Expenditures Price Index [PCEPI]",3,"LASSO","Regularization","SE",90,-7.9178361389997e-05,0.000250620134404942,0.000329798495794939,0.544444444444444,12,0.639683446993835,0.798218647541465
"PCEPI","Personal Consumption Expenditures Price Index [PCEPI]",3,"Ridge","Regularization","SE",90,-0.000159030156315169,0.000219479903938361,0.00037851006025353,0.566666666666667,12,0.59556094648333,0.775453959866959
"PCEPI","Personal Consumption Expenditures Price Index [PCEPI]",3,"Factor","Factor","SE",90,-0.000247039164227337,0.000206261216478443,0.000453300380705781,0.555555555555556,12,0.611065268621372,0.840983412205374
"PCEPI","Personal Consumption Expenditures Price Index [PCEPI]",6,"BorutaRF","FeatureSelection+Tree","AE",90,0.0161848902920747,0.0586304259043593,0.0424455356122846,0.544444444444444,12,0.632737088141167,0.662860206946863
"PCEPI","Personal Consumption Expenditures Price Index [PCEPI]",6,"Ensemble_InvRMSE","Ensemble","AE",90,0.015067968484418,0.0613104241494562,0.0462424556650382,0.544444444444444,12,0.635406726285949,0.647760605974003
"PCEPI","Personal Consumption Expenditures Price Index [PCEPI]",6,"Ensemble_Mean","Ensemble","AE",90,0.0150229186413333,0.0614821920911618,0.0464592734498285,0.544444444444444,12,0.636815807709966,0.647357579302909
"PCEPI","Personal Consumption Expenditures Price Index [PCEPI]",6,"RandomForest","Tree","AE",90,0.0115307487362579,0.0630202948745424,0.0514895461382845,0.5,12,0.648802472452817,0.60251030894398
"PCEPI","Personal Consumption Expenditures Price Index [PCEPI]",6,"Ensemble_Median","Ensemble","AE",90,0.00708380588946902,0.0619308892967504,0.0548470834072814,0.511111111111111,12,0.64911767334267,0.647842554003771
"PCEPI","Personal Consumption Expenditures Price Index [PCEPI]",6,"AR(4)","Baseline","AE",90,0.00513914543825604,0.062528567857792,0.057389422419536,0.522222222222222,12,0.650425308078958,0.614388116463391
"PCEPI","Personal Consumption Expenditures Price Index [PCEPI]",6,"Factor","Factor","AE",90,0.00470219911215773,0.0602004873592387,0.055498288247081,0.511111111111111,12,0.613298131662653,0.62970310227658
"PCEPI","Personal Consumption Expenditures Price Index [PCEPI]",6,"LASSO","Regularization","AE",90,0.0028776986011031,0.0644067558782441,0.061529057277141,0.544444444444444,12,0.628803287169,0.664251142729342
"PCEPI","Personal Consumption Expenditures Price Index [PCEPI]",6,"ElasticNet","Regularization","AE",90,0.00214297003229014,0.0636839145034723,0.0615409444711822,0.533333333333333,12,0.640063818460394,0.647227344005844
"PCEPI","Personal Consumption Expenditures Price Index [PCEPI]",6,"XGBoost","Boosting","AE",90,0.00148519121147306,0.0605737843860403,0.0590885931745673,0.5,12,0.656649659302106,0.601268744781122
"PCEPI","Personal Consumption Expenditures Price Index [PCEPI]",6,"RW","Baseline","AE",90,0,0,0,0,12,,
"PCEPI","Personal Consumption Expenditures Price Index [PCEPI]",6,"Ridge","Regularization","AE",90,-0.00772779156443225,0.0587546986616487,0.066482490226081,0.488888888888889,12,0.649687831909058,0.618656314376891
"PCEPI","Personal Consumption Expenditures Price Index [PCEPI]",6,"BorutaRF","FeatureSelection+Tree","SE",90,0.000133994137418486,0.000286044880353324,0.000152050742934839,0.544444444444444,12,0.778911555261491,0.755287647835463
"PCEPI","Personal Consumption Expenditures Price Index [PCEPI]",6,"Ensemble_InvRMSE","Ensemble","SE",90,9.96388943918375e-05,0.000300939114067899,0.000201300219676061,0.544444444444444,12,0.78848155449118,0.808000665642779
"PCEPI","Personal Consumption Expenditures Price Index [PCEPI]",6,"Ensemble_Mean","Ensemble","SE",90,9.92259401355877e-05,0.000302563601693617,0.000203337661558029,0.544444444444444,12,0.789859006964267,0.809432677348094
"PCEPI","Personal Consumption Expenditures Price Index [PCEPI]",6,"RandomForest","Tree","SE",90,9.25204502185663e-05,0.000307328445281193,0.000214807995062627,0.5,12,0.798584286948048,0.740675517711123
"PCEPI","Personal Consumption Expenditures Price Index [PCEPI]",6,"Ensemble_Median","Ensemble","SE",90,4.43367372774232e-05,0.00031048270448534,0.000266145967207917,0.511111111111111,12,0.794824383903907,0.820360478898792
"PCEPI","Personal Consumption Expenditures Price Index [PCEPI]",6,"AR(4)","Baseline","SE",90,3.26351830905575e-05,0.000307173165084289,0.000274537981993732,0.522222222222222,12,0.794525432560805,0.800258514261608
"PCEPI","Personal Consumption Expenditures Price Index [PCEPI]",6,"Factor","Factor","SE",90,3.21346659933472e-05,0.000294306276175499,0.000262171610182151,0.511111111111111,12,0.774491149244682,0.821449240632813
"PCEPI","Personal Consumption Expenditures Price Index [PCEPI]",6,"XGBoost","Boosting","SE",90,1.90529413582669e-05,0.000296635167936584,0.000277582226578317,0.5,12,0.811831941010798,0.794579210600917
"PCEPI","Personal Consumption Expenditures Price Index [PCEPI]",6,"RW","Baseline","SE",90,0,0,0,0,12,,
"PCEPI","Personal Consumption Expenditures Price Index [PCEPI]",6,"ElasticNet","Regularization","SE",90,-3.0791353337929e-07,0.000315053993248523,0.000315361906781903,0.533333333333333,12,0.783811968283844,0.808128800896414
"PCEPI","Personal Consumption Expenditures Price Index [PCEPI]",6,"LASSO","Regularization","SE",90,-3.89007298273484e-07,0.000316583671568813,0.000316972678867087,0.544444444444444,12,0.778508285173581,0.819684031760786
"PCEPI","Personal Consumption Expenditures Price Index [PCEPI]",6,"Ridge","Regularization","SE",90,-7.75773609832958e-05,0.000290007637365375,0.00036758499834867,0.488888888888889,12,0.796807403037441,0.789314625918551
"PCEPI","Personal Consumption Expenditures Price Index [PCEPI]",12,"Ensemble_Mean","Ensemble","AE",90,0.0295537170162042,0.0697536444745902,0.040199927458386,0.588888888888889,12,0.624348652088181,0.684434176010187
"PCEPI","Personal Consumption Expenditures Price Index [PCEPI]",12,"Ensemble_InvRMSE","Ensemble","AE",90,0.0287193852751372,0.0699994160339102,0.041280030758773,0.588888888888889,12,0.626727108372534,0.684929181926186
"PCEPI","Personal Consumption Expenditures Price Index [PCEPI]",12,"Ensemble_Median","Ensemble","AE",90,0.0274179784333919,0.0739904397921858,0.0465724613587938,0.577777777777778,12,0.638707161411535,0.663644634708562
"PCEPI","Personal Consumption Expenditures Price Index [PCEPI]",12,"ElasticNet","Regularization","AE",90,0.0271051802879937,0.0742548465645801,0.0471496662765864,0.6,12,0.630981900605215,0.664343276112046
"PCEPI","Personal Consumption Expenditures Price Index [PCEPI]",12,"LASSO","Regularization","AE",90,0.0270870925255533,0.0741207552357587,0.0470336627102053,0.6,12,0.630878682433335,0.665727598779854
"PCEPI","Personal Consumption Expenditures Price Index [PCEPI]",12,"Ridge","Regularization","AE",90,0.0268397581607174,0.0768442181594952,0.0500044599987778,0.588888888888889,12,0.638858578009669,0.667427030026444
"PCEPI","Personal Consumption Expenditures Price Index [PCEPI]",12,"XGBoost","Boosting","AE",90,0.025837734606923,0.0713537605899663,0.0455160259830434,0.544444444444444,12,0.649926761900693,0.643084402985781
"PCEPI","Personal Consumption Expenditures Price Index [PCEPI]",12,"RandomForest","Tree","AE",90,0.0251090684171569,0.0703104871815561,0.0452014187643992,0.566666666666667,12,0.624089020785838,0.688707102945919
"PCEPI","Personal Consumption Expenditures Price Index [PCEPI]",12,"AR(4)","Baseline","AE",90,0.0220637491151334,0.077709916238597,0.0556461671234637,0.555555555555556,12,0.635541575582817,0.641805732704263
"PCEPI","Personal Consumption Expenditures Price Index [PCEPI]",12,"BorutaRF","FeatureSelection+Tree","AE",90,0.0189041343602553,0.0624056838399866,0.0435015494797312,0.555555555555556,12,0.611406779177663,0.633226686010374
"PCEPI","Personal Consumption Expenditures Price Index [PCEPI]",12,"Factor","Factor","AE",90,0.011540085861074,0.0681269709592062,0.0565868850981322,0.555555555555556,12,0.67534163781303,0.647486383160867
"PCEPI","Personal Consumption Expenditures Price Index [PCEPI]",12,"RW","Baseline","AE",90,0,0,0,0,12,,
"PCEPI","Personal Consumption Expenditures Price Index [PCEPI]",12,"Ensemble_Mean","Ensemble","SE",90,0.000250467779776823,0.000447547112405327,0.000197079332628504,0.588888888888889,12,0.79655040816685,0.878346800782494
"PCEPI","Personal Consumption Expenditures Price Index [PCEPI]",12,"Ensemble_InvRMSE","Ensemble","SE",90,0.000245144703772287,0.00045075285656763,0.000205608152795344,0.588888888888889,12,0.797556279817261,0.878753797578325
"PCEPI","Personal Consumption Expenditures Price Index [PCEPI]",12,"XGBoost","Boosting","SE",90,0.000241833856414812,0.000465030111980614,0.000223196255565801,0.544444444444444,12,0.799683231401267,0.863876884963798
"PCEPI","Personal Consumption Expenditures Price Index [PCEPI]",12,"Ensemble_Median","Ensemble","SE",90,0.000228339857455012,0.00046331712028749,0.000234977262832478,0.577777777777778,12,0.796584983011647,0.854804998933261
"PCEPI","Personal Consumption Expenditures Price Index [PCEPI]",12,"LASSO","Regularization","SE",90,0.000225072131240477,0.000462494365820976,0.000237422234580499,0.6,12,0.796531336715297,0.852368817086486
"PCEPI","Personal Consumption Expenditures Price Index [PCEPI]",12,"ElasticNet","Regularization","SE",90,0.000224689389642655,0.00046251091055847,0.000237821520915814,0.6,12,0.797024361790717,0.850430894794971
"PCEPI","Personal Consumption Expenditures Price Index [PCEPI]",12,"RandomForest","Tree","SE",90,0.00021826500409701,0.000453140590583704,0.000234875586486695,0.566666666666667,12,0.798651703027027,0.88310361720591
"PCEPI","Personal Consumption Expenditures Price Index [PCEPI]",12,"Ridge","Regularization","SE",90,0.000217494566955178,0.0004761511556672,0.000258656588712022,0.588888888888889,12,0.79957092804436,0.843581098083409
"PCEPI","Personal Consumption Expenditures Price Index [PCEPI]",12,"BorutaRF","FeatureSelection+Tree","SE",90,0.000215766230668608,0.000430392654049126,0.000214626423380518,0.555555555555556,12,0.808714087942699,0.850575538095046
"PCEPI","Personal Consumption Expenditures Price Index [PCEPI]",12,"AR(4)","Baseline","SE",90,0.000189846075955394,0.000484468135791472,0.000294622059836078,0.555555555555556,12,0.790122778298121,0.843888331413893
"PCEPI","Personal Consumption Expenditures Price Index [PCEPI]",12,"Factor","Factor","SE",90,0.000117951582550341,0.000425745988245003,0.000307794405694662,0.555555555555556,12,0.800502708839299,0.848669189872188
"PCEPI","Personal Consumption Expenditures Price Index [PCEPI]",12,"RW","Baseline","SE",90,0,0,0,0,12,,
"UNRATE","Civilian Unemployment Rate [UNRATE]",1,"RandomForest","Tree","AE",88,9.41013333333331,14.5742111111111,5.16407777777778,0.670454545454545,12,0.727099198813124,0.926060800358029
"UNRATE","Civilian Unemployment Rate [UNRATE]",1,"XGBoost","Boosting","AE",88,9.39865775147918,14.4401223872323,5.04146463575308,0.693181818181818,12,0.739571616805619,0.92023025113655
"UNRATE","Civilian Unemployment Rate [UNRATE]",1,"BorutaRF","FeatureSelection+Tree","AE",88,9.09207777777774,14.4374444444444,5.34536666666667,0.647727272727273,12,0.734303739504529,0.894037515355978
"UNRATE","Civilian Unemployment Rate [UNRATE]",1,"Ensemble_InvRMSE","Ensemble","AE",88,3.64570704943035,8.46155487310588,4.81584782367554,0.693181818181818,12,0.560752249329317,0.942755462071768
"UNRATE","Civilian Unemployment Rate [UNRATE]",1,"Ensemble_Mean","Ensemble","AE",88,3.42539146344114,8.34498557659435,4.91959411315321,0.670454545454545,12,0.557277792208923,0.937396055445597
"UNRATE","Civilian Unemployment Rate [UNRATE]",1,"Ensemble_Median","Ensemble","AE",88,1.56650211536399,7.71972868250717,6.15322656714317,0.681818181818182,12,0.532881151196932,0.960253612356843
"UNRATE","Civilian Unemployment Rate [UNRATE]",1,"RW","Baseline","AE",88,0,0,0,0,12,,
"UNRATE","Civilian Unemployment Rate [UNRATE]",1,"Ridge","Regularization","AE",88,-2.63197786329065,6.89261659873354,9.5245944620242,0.659090909090909,12,0.472507718463938,0.944524252671824
"UNRATE","Civilian Unemployment Rate [UNRATE]",1,"LASSO","Regularization","AE",88,-8.18171378747759,5.70635529739313,13.8880690848707,0.465909090909091,12,0.592105382964422,0.728781338561712
"UNRATE","Civilian Unemployment Rate [UNRATE]",1,"ElasticNet","Regularization","AE",88,-9.24644823082361,5.72313136462287,14.9695795954465,0.477272727272727,12,0.587891031061381,0.753892700249482
"UNRATE","Civilian Unemployment Rate [UNRATE]",1,"AR(4)","Baseline","AE",88,-9.35070434013549,5.27214941489642,14.6228537550319,0.534090909090909,12,0.475792350120902,0.921864855128985
"UNRATE","Civilian Unemployment Rate [UNRATE]",1,"Factor","Factor","AE",88,-11.7252914419407,5.57116930027661,17.2964607422173,0.431818181818182,12,0.666057532357073,0.745094630423054
"UNRATE","Civilian Unemployment Rate [UNRATE]",1,"XGBoost","Boosting","SE",88,98.4789985581441,123.178816118539,24.6998175603948,0.693181818181818,12,0.991655082764077,0.997393047323389
"UNRATE","Civilian Unemployment Rate [UNRATE]",1,"RandomForest","Tree","SE",88,94.7749369767128,118.601415488271,23.8264785115587,0.670454545454545,12,0.990652124496982,0.99753617272826
"UNRATE","Civilian Unemployment Rate [UNRATE]",1,"BorutaRF","FeatureSelection+Tree","SE",88,92.4762996899226,115.858090932762,23.3817912428395,0.647727272727273,12,0.991143551261562,0.996304981891457
"UNRATE","Civilian Unemployment Rate [UNRATE]",1,"Ensemble_Mean","Ensemble","SE",88,6.25645833642026,26.1553266744353,19.898868338015,0.670454545454545,12,0.960677393811814,0.997413480066991
"UNRATE","Civilian Unemployment Rate [UNRATE]",1,"Ensemble_InvRMSE","Ensemble","SE",88,5.64211536335747,25.491694536347,19.8495791729895,0.693181818181818,12,0.959128931830183,0.997985554000932
"UNRATE","Civilian Unemployment Rate [UNRATE]",1,"RW","Baseline","SE",88,0,0,0,0,12,,
"UNRATE","Civilian Unemployment Rate [UNRATE]",1,"Ensemble_Median","Ensemble","SE",88,-48.4497270648008,5.18092475097326,53.630651815774,0.681818181818182,12,0.806744445175106,0.999197432078862
"UNRATE","Civilian Unemployment Rate [UNRATE]",1,"LASSO","Regularization","SE",88,-64.437275386861,2.32065543629355,66.7579308231545,0.465909090909091,12,0.75275430935273,0.975219380967367
"UNRATE","Civilian Unemployment Rate [UNRATE]",1,"ElasticNet","Regularization","SE",88,-81.1654066869312,2.32740968831984,83.4928163752511,0.477272727272727,12,0.754061648148786,0.978972950736296
"UNRATE","Civilian Unemployment Rate [UNRATE]",1,"Factor","Factor","SE",88,-105.482644624299,3.48752677344954,108.970171397748,0.431818181818182,12,0.848039455221342,0.983737592022428
"UNRATE","Civilian Unemployment Rate [UNRATE]",1,"AR(4)","Baseline","SE",88,-106.387522923813,2.0642675938033,108.451790517616,0.534090909090909,12,0.620362758831046,0.997538221600938
"UNRATE","Civilian Unemployment Rate [UNRATE]",1,"Ridge","Regularization","SE",88,-127.803479095151,4.37623074912397,132.179709844275,0.659090909090909,12,0.77341348545191,0.999483468306968
"UNRATE","Civilian Unemployment Rate [UNRATE]",3,"XGBoost","Boosting","AE",88,13.1290121132508,18.6844599000644,5.5554477868136,0.602272727272727,12,0.833632457921743,0.820083782277059
"UNRATE","Civilian Unemployment Rate [UNRATE]",3,"Ridge","Regularization","AE",88,10.9113203316281,16.5776833223932,5.66636299076505,0.636363636363636,12,0.805503023659214,0.831164036891369
"UNRATE","Civilian Unemployment Rate [UNRATE]",3,"BorutaRF","FeatureSelection+Tree","AE",88,10.5246888888889,18.1112555555556,7.58656666666667,0.556818181818182,12,0.844474246524414,0.786000035149849
"UNRATE","Civilian Unemployment Rate [UNRATE]",3,"Ensemble_Median","Ensemble","AE",88,10.1852833754068,16.040586236385,5.85530286097822,0.613636363636364,12,0.800422481437905,0.839742925846165
"UNRATE","Civilian Unemployment Rate [UNRATE]",3,"Factor","Factor","AE",88,9.29089261620031,13.7797201402222,4.48882752402194,0.568181818181818,12,0.772867804622936,0.753285285669956
"UNRATE","Civilian Unemployment Rate [UNRATE]",3,"RandomForest","Tree","AE",88,6.33450833333334,16.1073944444444,9.77288611111111,0.579545454545455,12,0.844086963509858,0.802155851265363
"UNRATE","Civilian Unemployment Rate [UNRATE]",3,"Ensemble_Mean","Ensemble","AE",88,5.30111316863292,12.1490790791837,6.84796591055076,0.647727272727273,12,0.733509837192515,0.860164432746056
"UNRATE","Civilian Unemployment Rate [UNRATE]",3,"Ensemble_InvRMSE","Ensemble","AE",88,5.20980954030039,12.2134944588191,7.00368491851868,0.647727272727273,12,0.737347964585549,0.858112528486603
"UNRATE","Civilian Unemployment Rate [UNRATE]",3,"AR(4)","Baseline","AE",88,3.36444713895328,15.2469206656025,11.8824735266492,0.568181818181818,12,0.826426712247172,0.896149069207883
"UNRATE","Civilian Unemployment Rate [UNRATE]",3,"RW","Baseline","AE",88,0,0,0,0,12,,
"UNRATE","Civilian Unemployment Rate [UNRATE]",3,"ElasticNet","Regularization","AE",88,-10.5068389326837,6.56642004732512,17.0732589800088,0.568181818181818,12,0.586792853221447,0.921403785441494
"UNRATE","Civilian Unemployment Rate [UNRATE]",3,"LASSO","Regularization","AE",88,-13.8218891240691,6.37727213847006,20.1991612625391,0.568181818181818,12,0.591814697986974,0.919366262082813
"UNRATE","Civilian Unemployment Rate [UNRATE]",3,"XGBoost","Boosting","SE",88,130.285087359146,136.03797084417,5.75288348502386,0.602272727272727,12,0.994298354710288,0.968993478065332
"UNRATE","Civilian Unemployment Rate [UNRATE]",3,"BorutaRF","FeatureSelection+Tree","SE",88,124.959015671296,133.96129862804,9.00228295674382,0.556818181818182,12,0.993701099289405,0.966044037907277
"UNRATE","Civilian Unemployment Rate [UNRATE]",3,"Ridge","Regularization","SE",88,121.912861528176,128.010574486822,6.09771295864589,0.636363636363636,12,0.993518685873351,0.980682238547053
"UNRATE","Civilian Unemployment Rate [UNRATE]",3,"Ensemble_Median","Ensemble","SE",88,119.65648641663,126.808974100035,7.1524876834049,0.613636363636364,12,0.993775088009753,0.982779276074452
"UNRATE","Civilian Unemployment Rate [UNRATE]",3,"RandomForest","Tree","SE",88,117.082093695857,131.61346226946,14.5313685736034,0.579545454545455,12,0.994825332881164,0.965313788621177
"UNRATE","Civilian Unemployment Rate [UNRATE]",3,"Factor","Factor","SE",88,106.460087824245,108.789951486327,2.32986366208114,0.568181818181818,12,0.99198815628085,0.932935984954424
"UNRATE","Civilian Unemployment Rate [UNRATE]",3,"AR(4)","Baseline","SE",88,94.1114344219318,128.937605143256,34.8261707213241,0.568181818181818,12,0.994638419951561,0.993868161247369
"UNRATE","Civilian Unemployment Rate [UNRATE]",3,"Ensemble_Mean","Ensemble","SE",88,77.6371778845999,88.5648409818523,10.9276630972523,0.647727272727273,12,0.990635356668578,0.986066441389013
"UNRATE","Civilian Unemployment Rate [UNRATE]",3,"Ensemble_InvRMSE","Ensemble","SE",88,77.4741302498686,88.6745408484917,11.2004105986231,0.647727272727273,12,0.990843176957993,0.985946065354199
"UNRATE","Civilian Unemployment Rate [UNRATE]",3,"RW","Baseline","SE",88,0,0,0,0,12,,
"UNRATE","Civilian Unemployment Rate [UNRATE]",3,"ElasticNet","Regularization","SE",88,-236.718596031791,4.91331071814163,241.631906749933,0.568181818181818,12,0.855108779438132,0.998814470341817
"UNRATE","Civilian Unemployment Rate [UNRATE]",3,"LASSO","Regularization","SE",88,-258.90571001252,4.68594168707947,263.591651699599,0.568181818181818,12,0.863161484670612,0.998666942760937
"UNRATE","Civilian Unemployment Rate [UNRATE]",6,"XGBoost","Boosting","AE",88,17.3523110087728,21.8801978954347,4.52788688666187,0.590909090909091,12,0.835022177211907,0.705395961394507
"UNRATE","Civilian Unemployment Rate [UNRATE]",6,"RandomForest","Tree","AE",88,16.3188277777778,20.4667222222222,4.14789444444444,0.590909090909091,12,0.830853336445884,0.69777638185907
"UNRATE","Civilian Unemployment Rate [UNRATE]",6,"Ensemble_Median","Ensemble","AE",88,15.3175382834718,17.8032778973991,2.48573961392738,0.613636363636364,12,0.790926524887422,0.805806789670848
"UNRATE","Civilian Unemployment Rate [UNRATE]",6,"Ridge","Regularization","AE",88,14.7533935046219,17.8345163164747,3.08112281185285,0.613636363636364,12,0.794550368127273,0.747909711276071
"UNRATE","Civilian Unemployment Rate [UNRATE]",6,"BorutaRF","FeatureSelection+Tree","AE",88,13.0167222222222,20.37505,7.35832777777777,0.522727272727273,12,0.888496388147923,0.723370874572197
"UNRATE","Civilian Unemployment Rate [UNRATE]",6,"Factor","Factor","AE",88,11.4206072395006,14.5191942986118,3.0985870591112,0.602272727272727,12,0.736537202048079,0.751120261162423
"UNRATE","Civilian Unemployment Rate [UNRATE]",6,"Ensemble_InvRMSE","Ensemble","AE",88,10.3776825755635,16.2817040577523,5.90402148218883,0.625,12,0.766924276719109,0.861686893091806
"UNRATE","Civilian Unemployment Rate [UNRATE]",6,"Ensemble_Mean","Ensemble","AE",88,10.3346377715894,16.1680576814132,5.83341990982378,0.625,12,0.769391907359074,0.863573266762329
"UNRATE","Civilian Unemployment Rate [UNRATE]",6,"AR(4)","Baseline","AE",88,9.26748347417392,15.0456480245635,5.77816455038959,0.590909090909091,12,0.787542416007959,0.872833002809027
"UNRATE","Civilian Unemployment Rate [UNRATE]",6,"RW","Baseline","AE",88,0,0,0,0,12,,
"UNRATE","Civilian Unemployment Rate [UNRATE]",6,"LASSO","Regularization","AE",88,-1.12610617479394,14.1065923512358,15.2326985260298,0.556818181818182,12,0.817772831059542,0.887832126189463
"UNRATE","Civilian Unemployment Rate [UNRATE]",6,"ElasticNet","Regularization","AE",88,-17.4606723261459,14.0828962560967,31.5435685822426,0.556818181818182,12,0.817140440932281,0.948501344420367
"UNRATE","Civilian Unemployment Rate [UNRATE]",6,"XGBoost","Boosting","SE",88,135.270652667072,140.928816259015,5.65816359194258,0.590909090909091,12,0.992325594003074,0.946149226919092
"UNRATE","Civilian Unemployment Rate [UNRATE]",6,"RandomForest","Tree","SE",88,133.758942401204,137.865938313549,4.10699591234566,0.590909090909091,12,0.992898733832959,0.923457484020876
"UNRATE","Civilian Unemployment Rate [UNRATE]",6,"BorutaRF","FeatureSelection+Tree","SE",88,132.629370440895,139.990252228086,7.36088178719132,0.522727272727273,12,0.994191669699407,0.907992034419601
"UNRATE","Civilian Unemployment Rate [UNRATE]",6,"Ridge","Regularization","SE",88,126.332366141192,130.584062976947,4.2516968357553,0.613636363636364,12,0.9919928525641,0.962954729216372
"UNRATE","Civilian Unemployment Rate [UNRATE]",6,"Ensemble_Median","Ensemble","SE",88,124.669761977794,128.075996472406,3.40623449461149,0.613636363636364,12,0.991558422279595,0.979193761717561
"UNRATE","Civilian Unemployment Rate [UNRATE]",6,"Ensemble_Mean","Ensemble","SE",88,104.243780478829,122.065140164386,17.8213596855573,0.625,12,0.990701272794356,0.992557117186141
"UNRATE","Civilian Unemployment Rate [UNRATE]",6,"Ensemble_InvRMSE","Ensemble","SE",88,104.228842002642,122.048868571489,17.8200265688467,0.625,12,0.990582385218735,0.992365180913662
"UNRATE","Civilian Unemployment Rate [UNRATE]",6,"AR(4)","Baseline","SE",88,101.026027916878,116.442354918634,15.4163270017563,0.590909090909091,12,0.992328314033739,0.990970406514372
"UNRATE","Civilian Unemployment Rate [UNRATE]",6,"Factor","Factor","SE",88,100.092447525331,102.390918354055,2.29847082872415,0.602272727272727,12,0.989021051711597,0.927034583698215
"UNRATE","Civilian Unemployment Rate [UNRATE]",6,"LASSO","Regularization","SE",88,46.9576237249995,121.56311810496,74.6054943799603,0.556818181818182,12,0.993494603100739,0.99377378344406
"UNRATE","Civilian Unemployment Rate [UNRATE]",6,"RW","Baseline","SE",88,0,0,0,0,12,,
"UNRATE","Civilian Unemployment Rate [UNRATE]",6,"ElasticNet","Regularization","SE",88,-443.219078076027,121.628952009962,564.848030085989,0.556818181818182,12,0.993545717237136,0.999240714212239
"UNRATE","Civilian Unemployment Rate [UNRATE]",12,"XGBoost","Boosting","AE",88,19.0228130250704,21.4905829694588,2.46776994438842,0.613636363636364,12,0.834840432338429,0.767528596363855
"UNRATE","Civilian Unemployment Rate [UNRATE]",12,"Ridge","Regularization","AE",88,18.7230927517483,21.2078680013619,2.48477524961357,0.625,12,0.833207764212682,0.684423118131761
"UNRATE","Civilian Unemployment Rate [UNRATE]",12,"Ensemble_Median","Ensemble","AE",88,18.5732063338978,20.8139101671907,2.24070383329295,0.613636363636364,12,0.838150326854188,0.739371972965996
"UNRATE","Civilian Unemployment Rate [UNRATE]",12,"ElasticNet","Regularization","AE",88,18.421599811259,20.9469269127004,2.52532710144145,0.602272727272727,12,0.853887000008264,0.691097242556219
"UNRATE","Civilian Unemployment Rate [UNRATE]",12,"LASSO","Regularization","AE",88,18.269670818046,20.9044022488112,2.63473143076519,0.602272727272727,12,0.851899917977856,0.689454663484217
"UNRATE","Civilian Unemployment Rate [UNRATE]",12,"Factor","Factor","AE",88,17.2378594897816,20.2904247478901,3.0525652581085,0.579545454545455,12,0.823291738375687,0.695690972260656
"UNRATE","Civilian Unemployment Rate [UNRATE]",12,"Ensemble_Mean","Ensemble","AE",88,15.492912844427,19.0473394755382,3.5544266311112,0.556818181818182,12,0.857312739446137,0.684418988501416
"UNRATE","Civilian Unemployment Rate [UNRATE]",12,"Ensemble_InvRMSE","Ensemble","AE",88,15.4439278882354,19.0507273331332,3.60679944489778,0.556818181818182,12,0.857469949953727,0.679566229783052
"UNRATE","Civilian Unemployment Rate [UNRATE]",12,"AR(4)","Baseline","AE",88,13.13208637851,18.5011197030604,5.3690333245504,0.647727272727273,12,0.797478638785992,0.892925880347864
"UNRATE","Civilian Unemployment Rate [UNRATE]",12,"RandomForest","Tree","AE",88,12.6725055555556,18.4747194444444,5.80221388888889,0.511363636363636,12,0.861367312900106,0.662039920585868
"UNRATE","Civilian Unemployment Rate [UNRATE]",12,"RW","Baseline","AE",88,0,0,0,0,12,,
"UNRATE","Civilian Unemployment Rate [UNRATE]",12,"BorutaRF","FeatureSelection+Tree","AE",88,-12.7652,16.5640138888889,29.3292138888889,0.443181818181818,12,0.88936038550774,0.743153418230989
"UNRATE","Civilian Unemployment Rate [UNRATE]",12,"Ridge","Regularization","SE",88,120.535132674266,122.096863172522,1.56173049825655,0.625,12,0.989784094843723,0.932353806100817
"UNRATE","Civilian Unemployment Rate [UNRATE]",12,"Ensemble_Median","Ensemble","SE",88,120.434522043906,121.845059371165,1.41053732725926,0.613636363636364,12,0.990196897307437,0.941716866579462
"UNRATE","Civilian Unemployment Rate [UNRATE]",12,"XGBoost","Boosting","SE",88,120.19108358478,122.103474654806,1.91239107002608,0.613636363636364,12,0.99004987250064,0.954885791463474
"UNRATE","Civilian Unemployment Rate [UNRATE]",12,"Factor","Factor","SE",88,120.148246727812,122.39944485107,2.25119812325768,0.579545454545455,12,0.990116950455781,0.912259602528481
"UNRATE","Civilian Unemployment Rate [UNRATE]",12,"ElasticNet","Regularization","SE",88,120.1001302293,121.35652160251,1.25639137320973,0.602272727272727,12,0.990652644500327,0.878759139914686
"UNRATE","Civilian Unemployment Rate [UNRATE]",12,"LASSO","Regularization","SE",88,119.941809933443,121.27760833715,1.33579840370715,0.602272727272727,12,0.990540711749248,0.882456185840458
"UNRATE","Civilian Unemployment Rate [UNRATE]",12,"Ensemble_Mean","Ensemble","SE",88,117.859942500991,120.165889173568,2.30594667257651,0.556818181818182,12,0.990248967507248,0.90584823079669
"UNRATE","Civilian Unemployment Rate [UNRATE]",12,"Ensemble_InvRMSE","Ensemble","SE",88,117.855957137017,120.186064693727,2.33010755671047,0.556818181818182,12,0.990255850275569,0.900796667427071
"UNRATE","Civilian Unemployment Rate [UNRATE]",12,"RandomForest","Tree","SE",88,116.725705610278,121.158720818125,4.43301520784722,0.511363636363636,12,0.992355637105998,0.887625288068996
"UNRATE","Civilian Unemployment Rate [UNRATE]",12,"AR(4)","Baseline","SE",88,103.412285714852,118.820326928098,15.4080412132462,0.647727272727273,12,0.989210296060588,0.995520336142013
"UNRATE","Civilian Unemployment Rate [UNRATE]",12,"BorutaRF","FeatureSelection+Tree","SE",88,57.7712490637498,117.31375113527,59.5425020715202,0.443181818181818,12,0.995479528693045,0.892805590341293
"UNRATE","Civilian Unemployment Rate [UNRATE]",12,"RW","Baseline","SE",88,0,0,0,0,12,,
