"horizon","model","model_family","n_evaluation","RMSE","MAE","bias","correlation","benchmark_RMSE","benchmark_MAE","relative_RMSE","relative_MAE","RMSE_rank","MAE_rank","target_code","target_name"
1,"AR(4)","Baseline",88,0.00258100895141085,0.0018399808992915,0.000666551209592887,0.547486150415427,0.00281452636001458,0.00197267616587168,0.917031365589158,0.932733375667086,1,1,"CPIAUCSL","Consumer Price Index: All Items [CPIAUCSL]"
1,"Ensemble_Median","Ensemble",88,0.00263428499882398,0.00191698179715485,0.000863264482987601,0.552072562242128,0.00281452636001458,0.00197267616587168,0.935960322222862,0.971767100104735,2,4,"CPIAUCSL","Consumer Price Index: All Items [CPIAUCSL]"
1,"Ensemble_Mean","Ensemble",88,0.00265603860803074,0.00191776022108845,0.000859236928876332,0.533611003697149,0.00281452636001458,0.00197267616587168,0.943689370177718,0.972161703104995,3,5,"CPIAUCSL","Consumer Price Index: All Items [CPIAUCSL]"
1,"Ensemble_InvRMSE","Ensemble",88,0.0026579840224045,0.00191618249628901,0.000851128721533966,0.53098156828501,0.00281452636001458,0.00197267616587168,0.944380575064408,0.97136191405359,4,3,"CPIAUCSL","Consumer Price Index: All Items [CPIAUCSL]"
1,"LASSO","Regularization",88,0.00272191468831227,0.00191371407489461,0.00089486892014166,0.501662678185857,0.00281452636001458,0.00197267616587168,0.967095113047073,0.970110608118482,5,2,"CPIAUCSL","Consumer Price Index: All Items [CPIAUCSL]"
1,"ElasticNet","Regularization",88,0.00274354089423552,0.00192722442570038,0.000949821061888945,0.499714241461039,0.00281452636001458,0.00197267616587168,0.974778894670331,0.976959350471386,6,6,"CPIAUCSL","Consumer Price Index: All Items [CPIAUCSL]"
1,"BorutaRF","FeatureSelection+Tree",88,0.00274817217432172,0.00194124883648136,0.000825200595603112,0.470977190833784,0.00281452636001458,0.00197267616587168,0.976424386484513,0.984068682972891,7,7,"CPIAUCSL","Consumer Price Index: All Items [CPIAUCSL]"
1,"RandomForest","Tree",88,0.00276678777698636,0.00200890841513588,0.00101602744070243,0.507125479355993,0.00281452636001458,0.00197267616587168,0.98303850207039,1.0183670537978,8,9,"CPIAUCSL","Consumer Price Index: All Items [CPIAUCSL]"
1,"XGBoost","Boosting",88,0.00279972662522519,0.00204795639931875,0.00104501708779735,0.485756597633393,0.00281452636001458,0.00197267616587168,0.994741660621961,1.03816147563876,9,10,"CPIAUCSL","Consumer Price Index: All Items [CPIAUCSL]"
1,"RW","Baseline",88,0.00281452636001458,0.00197267616587168,6.64702799720357e-05,0.555219643324537,0.00281452636001458,0.00197267616587168,1,1,10,8,"CPIAUCSL","Consumer Price Index: All Items [CPIAUCSL]"
1,"Ridge","Regularization",88,0.0031185669469598,0.00213294445661088,0.00130625327010481,0.349899708073104,0.00281452636001458,0.00197267616587168,1.10802548921363,1.08124409546378,11,12,"CPIAUCSL","Consumer Price Index: All Items [CPIAUCSL]"
1,"Factor","Factor",88,0.00328694841387664,0.00206120265283406,0.000962922494083748,0.378048878843605,0.00281452636001458,0.00197267616587168,1.16785135167809,1.04487634032079,12,11,"CPIAUCSL","Consumer Price Index: All Items [CPIAUCSL]"
3,"Ensemble_Mean","Ensemble",88,0.00321270488650784,0.00226058472654797,0.00108416350873242,0.102454445559307,0.00361380961922988,0.00278362546399798,0.889007785416347,0.81210089352366,1,2,"CPIAUCSL","Consumer Price Index: All Items [CPIAUCSL]"
3,"XGBoost","Boosting",88,0.00321401698157962,0.00225615505961711,0.00117399744237576,-0.0395848875964696,0.00361380961922988,0.00278362546399798,0.889370863500148,0.810509563444183,2,1,"CPIAUCSL","Consumer Price Index: All Items [CPIAUCSL]"
3,"Ensemble_InvRMSE","Ensemble",88,0.00322098780019978,0.00227427140107059,0.00109631462104119,0.0981479760447857,0.00361380961922988,0.00278362546399798,0.891299802585115,0.817017745556967,3,3,"CPIAUCSL","Consumer Price Index: All Items [CPIAUCSL]"
3,"AR(4)","Baseline",88,0.00323612230872643,0.00228590936750406,0.00109843170145199,-0.172269877236767,0.00361380961922988,0.00278362546399798,0.895487767674951,0.821198612050676,4,4,"CPIAUCSL","Consumer Price Index: All Items [CPIAUCSL]"
3,"RandomForest","Tree",88,0.00325288013026554,0.00241684487198059,0.00124668260532037,0.153717203478393,0.00361380961922988,0.00278362546399798,0.900124929923328,0.868236371321807,5,8,"CPIAUCSL","Consumer Price Index: All Items [CPIAUCSL]"
3,"BorutaRF","FeatureSelection+Tree",88,0.00326853504678871,0.00241787620504805,0.00094915157858436,0.193329123580114,0.00361380961922988,0.00278362546399798,0.904456900384601,0.868606871261831,6,9,"CPIAUCSL","Consumer Price Index: All Items [CPIAUCSL]"
3,"Ensemble_Median","Ensemble",88,0.00334103794921506,0.00231063166968701,0.0012188027310536,-0.0604129093640834,0.00361380961922988,0.00278362546399798,0.92451963474685,0.830079944148941,7,6,"CPIAUCSL","Consumer Price Index: All Items [CPIAUCSL]"
3,"ElasticNet","Regularization",88,0.003342098239818,0.00230910608048187,0.00125543689451852,-0.0179560583620527,0.00361380961922988,0.00278362546399798,0.924813034431574,0.829531885789485,8,5,"CPIAUCSL","Consumer Price Index: All Items [CPIAUCSL]"
3,"LASSO","Regularization",88,0.00335828595308542,0.00231347408311868,0.00125253145458323,-0.0210256767729998,0.00361380961922988,0.00278362546399798,0.929292438432629,0.83110106335784,9,7,"CPIAUCSL","Consumer Price Index: All Items [CPIAUCSL]"
3,"RW","Baseline",88,0.00361380961922988,0.00278362546399798,0.000218835618966447,0.253127874277982,0.00361380961922988,0.00278362546399798,1,1,10,12,"CPIAUCSL","Consumer Price Index: All Items [CPIAUCSL]"
3,"Ridge","Regularization",88,0.0036956946565629,0.00245232285202469,0.00140700963582368,-0.034635317721252,0.00361380961922988,0.00278362546399798,1.02265892395031,0.880981613274417,11,10,"CPIAUCSL","Consumer Price Index: All Items [CPIAUCSL]"
3,"Factor","Factor",88,0.0041371239376881,0.0025660291435847,0.00115539464696743,-0.0906370690689532,0.00361380961922988,0.00278362546399798,1.14480959806891,0.921829885799092,12,11,"CPIAUCSL","Consumer Price Index: All Items [CPIAUCSL]"
6,"RandomForest","Tree",88,0.0031012232553081,0.00225835289461289,0.000980864439966629,0.18323795836714,0.00366209938547193,0.00277569199637842,0.846843006940526,0.813617972584665,1,1,"CPIAUCSL","Consumer Price Index: All Items [CPIAUCSL]"
6,"Ensemble_Mean","Ensemble",88,0.0031136671084482,0.00227702026734555,0.000960452140759755,0.154799000454671,0.00366209938547193,0.00277569199637842,0.850241017707101,0.820343276673522,2,3,"CPIAUCSL","Consumer Price Index: All Items [CPIAUCSL]"
6,"Ensemble_InvRMSE","Ensemble",88,0.00311979466973969,0.00228153870171004,0.000953969238790891,0.146514053726153,0.00366209938547193,0.00277569199637842,0.851914255008034,0.821971135373404,3,6,"CPIAUCSL","Consumer Price Index: All Items [CPIAUCSL]"
6,"BorutaRF","FeatureSelection+Tree",88,0.00314902717699413,0.00229898923029673,0.000548560560342004,0.158473219041979,0.00366209938547193,0.00277569199637842,0.859896700096882,0.82825804638855,4,7,"CPIAUCSL","Consumer Price Index: All Items [CPIAUCSL]"
6,"Ensemble_Median","Ensemble",88,0.00321373277859698,0.00227786031479504,0.00116443496967075,0.0282846342945891,0.00366209938547193,0.00277569199637842,0.877565691238833,0.82064592100531,5,4,"CPIAUCSL","Consumer Price Index: All Items [CPIAUCSL]"
6,"XGBoost","Boosting",88,0.00322915003198301,0.00228088009030192,0.00116560664616503,-0.0814373244203601,0.00366209938547193,0.00277569199637842,0.881775640714044,0.821733857098659,6,5,"CPIAUCSL","Consumer Price Index: All Items [CPIAUCSL]"
6,"AR(4)","Baseline",88,0.00325577019302092,0.00226911129560062,0.001105524362675,-0.297544654756918,0.00366209938547193,0.00277569199637842,0.889044739183494,0.817493907307163,7,2,"CPIAUCSL","Consumer Price Index: All Items [CPIAUCSL]"
6,"LASSO","Regularization",88,0.00335670692944309,0.00239816674238764,0.00121160943257111,0.0104275112004681,0.00366209938547193,0.00277569199637842,0.916607272527783,0.86398878028133,8,9,"CPIAUCSL","Consumer Price Index: All Items [CPIAUCSL]"
6,"ElasticNet","Regularization",88,0.00339364234881414,0.00242778350364087,0.00122412760146216,0.0218161671870933,0.00366209938547193,0.00277569199637842,0.926693131889649,0.874658826270536,9,10,"CPIAUCSL","Consumer Price Index: All Items [CPIAUCSL]"
6,"Factor","Factor",88,0.00340841903193684,0.00235753698928176,0.00105668118728661,0.0204306576087347,0.00366209938547193,0.00277569199637842,0.930728162501139,0.849351077986227,10,8,"CPIAUCSL","Consumer Price Index: All Items [CPIAUCSL]"
6,"RW","Baseline",88,0.00366209938547193,0.00277569199637842,0.000227132729149679,0.23501267910981,0.00366209938547193,0.00277569199637842,1,1,11,12,"CPIAUCSL","Consumer Price Index: All Items [CPIAUCSL]"
6,"Ridge","Regularization",88,0.00368672643591861,0.00250853284538453,0.00112396230721958,0.067814198252246,0.00366209938547193,0.00277569199637842,1.00672484491939,0.903750433642326,12,11,"CPIAUCSL","Consumer Price Index: All Items [CPIAUCSL]"
12,"Ensemble_Median","Ensemble",88,0.00320637228021835,0.00222519743333944,0.00108630984256683,-0.0875543222520758,0.00421512104272294,0.00310252040020217,0.760683322666118,0.71722249858355,1,1,"CPIAUCSL","Consumer Price Index: All Items [CPIAUCSL]"
12,"Ridge","Regularization",88,0.00322116766751332,0.00222644085949656,0.00109527903618087,-0.07900757712097,0.00421512104272294,0.00310252040020217,0.764193396788546,0.717623277948945,2,2,"CPIAUCSL","Consumer Price Index: All Items [CPIAUCSL]"
12,"LASSO","Regularization",88,0.00322166640507639,0.00224872495680157,0.00119907687449985,-0.134695565366966,0.00421512104272294,0.00310252040020217,0.764311717842204,0.724805856765693,3,4,"CPIAUCSL","Consumer Price Index: All Items [CPIAUCSL]"
12,"XGBoost","Boosting",88,0.00322464286249632,0.0022651311952116,0.00105960385517275,-0.10904097418301,0.00421512104272294,0.00310252040020217,0.765017855907935,0.730093892392776,4,6,"CPIAUCSL","Consumer Price Index: All Items [CPIAUCSL]"
12,"Ensemble_Mean","Ensemble",88,0.0032311086593913,0.00229869189576126,0.00102053656970216,-0.118724448869185,0.00421512104272294,0.00310252040020217,0.766551808748065,0.740911130064277,5,7,"CPIAUCSL","Consumer Price Index: All Items [CPIAUCSL]"
12,"ElasticNet","Regularization",88,0.00323372062786151,0.00225210644104234,0.00119867764772563,-0.226573052192321,0.00421512104272294,0.00310252040020217,0.767171475050346,0.725895771997368,6,5,"CPIAUCSL","Consumer Price Index: All Items [CPIAUCSL]"
12,"Ensemble_InvRMSE","Ensemble",88,0.00324425173593161,0.00230328867064954,0.00104603946351632,-0.151224874487849,0.00421512104272294,0.00310252040020217,0.769669886831019,0.742392756063569,7,8,"CPIAUCSL","Consumer Price Index: All Items [CPIAUCSL]"
12,"AR(4)","Baseline",88,0.0032596657832036,0.00223212545862281,0.00124918363804593,0.0402997318214611,0.00421512104272294,0.00310252040020217,0.773326732533849,0.719455529922497,8,3,"CPIAUCSL","Consumer Price Index: All Items [CPIAUCSL]"
12,"RandomForest","Tree",88,0.00335973118217084,0.00239507820006155,0.00102928461316521,-0.159990796205582,0.00421512104272294,0.00310252040020217,0.797066358977079,0.771978227735578,9,10,"CPIAUCSL","Consumer Price Index: All Items [CPIAUCSL]"
12,"Factor","Factor",88,0.00338598711589932,0.00232476237238241,0.00124348295147631,-0.063472626807845,0.00421512104272294,0.00310252040020217,0.803295345870304,0.74931412932238,10,9,"CPIAUCSL","Consumer Price Index: All Items [CPIAUCSL]"
12,"BorutaRF","FeatureSelection+Tree",88,0.00344937329201086,0.00253650543315227,0.000851761784572475,-0.191540860377139,0.00421512104272294,0.00310252040020217,0.818333152725452,0.817562854054717,11,11,"CPIAUCSL","Consumer Price Index: All Items [CPIAUCSL]"
12,"RW","Baseline",88,0.00421512104272294,0.00310252040020217,0.000258478726480438,-0.00950335886706601,0.00421512104272294,0.00310252040020217,1,1,12,12,"CPIAUCSL","Consumer Price Index: All Items [CPIAUCSL]"
1,"AR(4)","Baseline",90,0.0019314767520052,0.00147561341881384,0.000556197452222955,0.519127313579661,0.00206899663138244,0.00145694992248573,0.933533057864212,1.01280997791349,1,2,"PCEPI","Personal Consumption Expenditures Price Index [PCEPI]"
1,"BorutaRF","FeatureSelection+Tree",90,0.00194691697476759,0.00149662013780926,0.000755591678618124,0.560419947041957,0.00206899663138244,0.00145694992248573,0.940995719972111,1.02722826276406,2,4,"PCEPI","Personal Consumption Expenditures Price Index [PCEPI]"
1,"Ensemble_InvRMSE","Ensemble",90,0.00195455276023526,0.00148998899979772,0.000771328936213748,0.558484215119314,0.00206899663138244,0.00145694992248573,0.944686294114116,1.02267687914463,3,3,"PCEPI","Personal Consumption Expenditures Price Index [PCEPI]"
1,"Ensemble_Mean","Ensemble",90,0.00196504379272878,0.00149871268838471,0.000792928499215621,0.558655625819667,0.00206899663138244,0.00145694992248573,0.949756883565246,1.02866451705336,4,5,"PCEPI","Personal Consumption Expenditures Price Index [PCEPI]"
1,"Ensemble_Median","Ensemble",90,0.0020054613487865,0.00154021137866032,0.000875753509839854,0.556742615832656,0.00206899663138244,0.00145694992248573,0.969291741884816,1.05714778173881,5,6,"PCEPI","Personal Consumption Expenditures Price Index [PCEPI]"
1,"Factor","Factor",90,0.00203313580512492,0.00154648466697926,0.000699206663073903,0.502049165526356,0.00206899663138244,0.00145694992248573,0.982667527963276,1.06145354971485,6,7,"PCEPI","Personal Consumption Expenditures Price Index [PCEPI]"
1,"RW","Baseline",90,0.00206899663138244,0.00145694992248573,4.60792884331478e-05,0.544053011539791,0.00206899663138244,0.00145694992248573,1,1,7,1,"PCEPI","Personal Consumption Expenditures Price Index [PCEPI]"
1,"LASSO","Regularization",90,0.00207310897114259,0.00155973731153906,0.00093911773764106,0.519331177697253,0.00206899663138244,0.00145694992248573,1.00198760099353,1.07054970625068,8,8,"PCEPI","Personal Consumption Expenditures Price Index [PCEPI]"
1,"XGBoost","Boosting",90,0.0020888443750472,0.00156855266563679,0.00096035493909402,0.539878771041102,0.00206899663138244,0.00145694992248573,1.00959293184131,1.07660026019333,9,9,"PCEPI","Personal Consumption Expenditures Price Index [PCEPI]"
1,"RandomForest","Tree",90,0.00209246570196727,0.00161965494875987,0.000926958144694609,0.500564990095963,0.00206899663138244,0.00145694992248573,1.01134321353107,1.11167509861735,10,11,"PCEPI","Personal Consumption Expenditures Price Index [PCEPI]"
1,"ElasticNet","Regularization",90,0.00211458199256579,0.00158694850029173,0.000987756708678398,0.502604922952875,0.00206899663138244,0.00145694992248573,1.02203259323477,1.08922652439845,11,10,"PCEPI","Personal Consumption Expenditures Price Index [PCEPI]"
1,"Ridge","Regularization",90,0.00247558122646766,0.00180305060677989,0.00126509388048438,0.287999291932665,0.00206899663138244,0.00145694992248573,1.1965129323645,1.23755153073735,12,12,"PCEPI","Personal Consumption Expenditures Price Index [PCEPI]"
3,"BorutaRF","FeatureSelection+Tree",90,0.00208317714636842,0.00162069764638599,0.00071502392998916,0.440271205744407,0.00232785260295491,0.00179996770976653,0.894892203966906,0.900403733684871,1,1,"PCEPI","Personal Consumption Expenditures Price Index [PCEPI]"
3,"Ensemble_InvRMSE","Ensemble",90,0.00226603443017469,0.00170751642878995,0.000937060506355461,0.303523789880272,0.00232785260295491,0.00179996770976653,0.973444120687989,0.948637255838013,2,2,"PCEPI","Personal Consumption Expenditures Price Index [PCEPI]"
3,"Ensemble_Mean","Ensemble",90,0.00227612773036201,0.00170882704095416,0.000946034294816709,0.293679596938207,0.00232785260295491,0.00179996770976653,0.977780005260106,0.949365386768972,3,3,"PCEPI","Personal Consumption Expenditures Price Index [PCEPI]"
3,"AR(4)","Baseline",90,0.00229166076901428,0.00173011909987038,0.000888603992222181,0.218754251225864,0.00232785260295491,0.00179996770976653,0.984452695203001,0.961194520592143,4,4,"PCEPI","Personal Consumption Expenditures Price Index [PCEPI]"
3,"RandomForest","Tree",90,0.00229166615154872,0.00177184111343652,0.00102843536008009,0.325386016737969,0.00232785260295491,0.00179996770976653,0.984455007434639,0.984373832831894,5,5,"PCEPI","Personal Consumption Expenditures Price Index [PCEPI]"
3,"RW","Baseline",90,0.00232785260295491,0.00179996770976653,0.000123442495211614,0.41270599852522,0.00232785260295491,0.00179996770976653,1,1,6,6,"PCEPI","Personal Consumption Expenditures Price Index [PCEPI]"
3,"Ensemble_Median","Ensemble",90,0.00241485975895046,0.00180579907220279,0.00108240921535932,0.148927750164509,0.00232785260295491,0.00179996770976653,1.03737657439526,1.00323970391503,7,7,"PCEPI","Personal Consumption Expenditures Price Index [PCEPI]"
3,"XGBoost","Boosting",90,0.00242663273554526,0.00182010133511884,0.00118020717654204,0.197069175595162,0.00232785260295491,0.00179996770976653,1.04243401513694,1.0111855480757,8,8,"PCEPI","Personal Consumption Expenditures Price Index [PCEPI]"
3,"ElasticNet","Regularization",90,0.0025065036447261,0.00188361098434506,0.00114525660402046,0.0456574747726336,0.00232785260295491,0.00179996770976653,1.07674499731831,1.04646931949095,9,9,"PCEPI","Personal Consumption Expenditures Price Index [PCEPI]"
3,"LASSO","Regularization",90,0.00250971259551446,0.00189111998578647,0.00114315612119853,0.0441322508078382,0.00232785260295491,0.00179996770976653,1.07812349988513,1.05064106179536,10,10,"PCEPI","Personal Consumption Expenditures Price Index [PCEPI]"
3,"Ridge","Regularization",90,0.0026806528081643,0.00194606980152193,0.00127077223402325,0.0441255206158055,0.00232785260295491,0.00179996770976653,1.15155607565598,1.08116928485031,11,11,"PCEPI","Personal Consumption Expenditures Price Index [PCEPI]"
3,"Factor","Factor",90,0.00285723246229808,0.00197985392008394,0.00101941074006305,0.0168235021425891,0.00232785260295491,0.00179996770976653,1.22741124531303,1.09993857630965,12,12,"PCEPI","Personal Consumption Expenditures Price Index [PCEPI]"
6,"BorutaRF","FeatureSelection+Tree",90,0.00217128075380247,0.00167773190974772,0.0006474599257295,0.331277058295236,0.0024906392474478,0.00185756402410411,0.871776495141729,0.90318927798835,1,1,"PCEPI","Personal Consumption Expenditures Price Index [PCEPI]"
6,"Ensemble_InvRMSE","Ensemble",90,0.00225747315252061,0.00169014215205502,0.000882551478623178,0.277640611124204,0.0024906392474478,0.00185756402410411,0.906383031919973,0.909870201039323,2,2,"PCEPI","Personal Consumption Expenditures Price Index [PCEPI]"
6,"Ensemble_Mean","Ensemble",90,0.00225848918858965,0.00169064270586707,0.00089740224053025,0.285872452316285,0.0024906392474478,0.00185756402410411,0.906790973804805,0.910139668904526,3,3,"PCEPI","Personal Consumption Expenditures Price Index [PCEPI]"
6,"RandomForest","Tree",90,0.00227492392367279,0.00172944459370124,0.000937618692752335,0.288841969842294,0.0024906392474478,0.00185756402410411,0.913389574987204,0.93102825596299,4,4,"PCEPI","Personal Consumption Expenditures Price Index [PCEPI]"
6,"Ensemble_Median","Ensemble",90,0.0023896973546317,0.00177885506977667,0.00103949784799538,0.108117417761331,0.0024906392474478,0.00185756402410411,0.959471491939455,0.957627864608654,5,5,"PCEPI","Personal Consumption Expenditures Price Index [PCEPI]"
6,"AR(4)","Baseline",90,0.00241674796275422,0.00180046240812348,0.000961513393111015,-0.076650282945384,0.0024906392474478,0.00185756402410411,0.970332401703984,0.969259947307516,6,6,"PCEPI","Personal Consumption Expenditures Price Index [PCEPI]"
6,"Factor","Factor",90,0.00241789826431072,0.00180531736730235,0.00099735032418333,0.0863106030247364,0.0024906392474478,0.00185756402410411,0.970794251631739,0.971873563374511,7,7,"PCEPI","Personal Consumption Expenditures Price Index [PCEPI]"
6,"XGBoost","Boosting",90,0.00244777133582819,0.00184106189953218,0.00112235406681812,0.0467150990005412,0.0024906392474478,0.00185756402410411,0.982788389902901,0.991116255290376,8,10,"PCEPI","Personal Consumption Expenditures Price Index [PCEPI]"
6,"RW","Baseline",90,0.0024906392474478,0.00185756402410411,0.000213989124830722,0.335252129172606,0.0024906392474478,0.00185756402410411,1,1,9,11,"PCEPI","Personal Consumption Expenditures Price Index [PCEPI]"
6,"ElasticNet","Regularization",90,0.00249132597674598,0.00183375324596755,0.00105944584277578,0.0403833171772388,0.0024906392474478,0.00185756402410411,1.00027572411335,0.987181718730777,10,9,"PCEPI","Personal Consumption Expenditures Price Index [PCEPI]"
6,"LASSO","Regularization",90,0.00249150680597936,0.00182558959520296,0.00107678030738856,-0.00703227102357133,0.0024906392474478,0.00185756402410411,1.00034832765622,0.982786903446536,11,8,"PCEPI","Personal Consumption Expenditures Price Index [PCEPI]"
6,"Ridge","Regularization",90,0.00265805465303471,0.00194342837482002,0.00106010848718289,0.129557103143694,0.0024906392474478,0.00185756402410411,1.06721784608448,1.04622416756662,12,12,"PCEPI","Personal Consumption Expenditures Price Index [PCEPI]"
12,"Ensemble_Mean","Ensemble",90,0.00238115180743575,0.00175646473655008,0.000904579433270915,0.0146542727310281,0.00290738013698039,0.00208483937006346,0.819002571128801,0.842494036601302,1,1,"PCEPI","Personal Consumption Expenditures Price Index [PCEPI]"
12,"Ensemble_InvRMSE","Ensemble",90,0.00239353905733619,0.00176573508922861,0.000915191465434105,-0.00879149183046034,0.00290738013698039,0.00208483937006346,0.823263193860202,0.846940591483005,2,2,"PCEPI","Personal Consumption Expenditures Price Index [PCEPI]"
12,"XGBoost","Boosting",90,0.00240121144671906,0.00179775342998654,0.000838749084923002,-0.0579217420655056,0.00290738013698039,0.00208483937006346,0.825902129610393,0.862298293000778,3,7,"PCEPI","Personal Consumption Expenditures Price Index [PCEPI]"
12,"Ensemble_Median","Ensemble",90,0.00243223143093543,0.001780195165248,0.0010764934950874,0.00294732916467721,0.00290738013698039,0.00208483937006346,0.836571523619731,0.853876414082591,4,3,"PCEPI","Personal Consumption Expenditures Price Index [PCEPI]"
12,"LASSO","Regularization",90,0.00243968395549108,0.00178387167533509,0.00112227847981677,0.0387480517894854,0.00290738013698039,0.00208483937006346,0.839134836363344,0.855639864130535,5,5,"PCEPI","Personal Consumption Expenditures Price Index [PCEPI]"
12,"ElasticNet","Regularization",90,0.00244055536448179,0.00178367070019687,0.00112484288345667,0.0386707246929056,0.00290738013698039,0.00208483937006346,0.839434559464436,0.855543465750347,6,4,"PCEPI","Personal Consumption Expenditures Price Index [PCEPI]"
12,"RandomForest","Tree",90,0.00245513595320485,0.00180584972098394,0.000936968036635822,-0.0288251104425609,0.00290738013698039,0.00208483937006346,0.844449586064368,0.86618170536993,7,8,"PCEPI","Personal Consumption Expenditures Price Index [PCEPI]"
12,"Ridge","Regularization",90,0.00245687870303076,0.00178661983494438,0.00112352513372923,0.0302500175499695,0.00290738013698039,0.00208483937006346,0.84504900882431,0.856958027845568,8,6,"PCEPI","Personal Consumption Expenditures Price Index [PCEPI]"
12,"BorutaRF","FeatureSelection+Tree",90,0.00246078375683918,0.00187479343272729,0.000426316228303146,0.0158790192970906,0.00290738013698039,0.00208483937006346,0.846392160949053,0.899250781449999,9,10,"PCEPI","Personal Consumption Expenditures Price Index [PCEPI]"
12,"AR(4)","Baseline",90,0.00251862232519274,0.00183968660211754,0.00115748468570016,-0.091532818973383,0.00290738013698039,0.00208483937006346,0.866285867870235,0.882411675706957,10,9,"PCEPI","Personal Consumption Expenditures Price Index [PCEPI]"
12,"Factor","Factor",90,0.00267250558866766,0.00195661619382931,0.00118120446164678,-0.149801319864631,0.00290738013698039,0.00208483937006346,0.919214365770322,0.938497335538012,11,11,"PCEPI","Personal Consumption Expenditures Price Index [PCEPI]"
12,"RW","Baseline",90,0.00290738013698039,0.00208483937006346,0.000229845905226651,0.0978436626576334,0.00290738013698039,0.00208483937006346,1,1,12,12,"PCEPI","Personal Consumption Expenditures Price Index [PCEPI]"
1,"XGBoost","Boosting",90,0.0189790064049216,0.00839284145206707,-0.00143904956220573,-0.0502777740428489,0.0242372371335034,0.0123125213857162,0.783051562369982,0.681650913662869,1,2,"INDPRO","Industrial Production Index [INDPRO]"
1,"BorutaRF","FeatureSelection+Tree",90,0.0193298954958997,0.00815917881775686,-0.00108777005306747,0.069955546613887,0.0242372371335034,0.0123125213857162,0.797528835049429,0.662673270742283,2,1,"INDPRO","Industrial Production Index [INDPRO]"
1,"RandomForest","Tree",90,0.0202523917164858,0.00874369978587496,-0.000192443745486339,-0.0508709298071652,0.0242372371335034,0.0123125213857162,0.835589948018073,0.710146972497327,3,3,"INDPRO","Industrial Production Index [INDPRO]"
1,"AR(4)","Baseline",90,0.0229340208732075,0.0105235885757875,0.000796435664880366,-0.207024700385684,0.0242372371335034,0.0123125213857162,0.946230824366759,0.854706217038201,4,10,"INDPRO","Industrial Production Index [INDPRO]"
1,"Ensemble_Mean","Ensemble",90,0.0231450256021545,0.00965975198748106,9.66909215981571e-05,-0.0380391377401688,0.0242372371335034,0.0123125213857162,0.954936632202229,0.784547022081713,5,5,"INDPRO","Industrial Production Index [INDPRO]"
1,"Ensemble_InvRMSE","Ensemble",90,0.0234235365624184,0.00968378604413559,0.000157903518420377,-0.0410033557399935,0.0242372371335034,0.0123125213857162,0.966427668029859,0.786499023292644,6,6,"INDPRO","Industrial Production Index [INDPRO]"
1,"RW","Baseline",90,0.0242372371335034,0.0123125213857162,6.19027154463344e-06,0.171700140834273,0.0242372371335034,0.0123125213857162,1,1,7,12,"INDPRO","Industrial Production Index [INDPRO]"
1,"Ensemble_Median","Ensemble",90,0.0248799771745488,0.00958369552665123,0.000163274817292843,-0.0655790802992504,0.0242372371335034,0.0123125213857162,1.02651870085295,0.778369858327255,8,4,"INDPRO","Industrial Production Index [INDPRO]"
1,"ElasticNet","Regularization",90,0.0265078399868899,0.010284876415697,0.00025305551789499,-0.141354549649072,0.0242372371335034,0.0123125213857162,1.09368241276345,0.835318461060987,9,7,"INDPRO","Industrial Production Index [INDPRO]"
1,"LASSO","Regularization",90,0.0266609397678549,0.0104112871994007,0.000110030958877561,-0.142493917783519,0.0242372371335034,0.0123125213857162,1.09999913030521,0.84558530890991,10,8,"INDPRO","Industrial Production Index [INDPRO]"
1,"Ridge","Regularization",90,0.0293235907585943,0.0105133092763532,0.00124034303188858,-0.0580891978238883,0.0242372371335034,0.0123125213857162,1.20985698976638,0.853871351529158,11,9,"INDPRO","Industrial Production Index [INDPRO]"
1,"Factor","Factor",90,0.0326009214209307,0.0114246930898243,0.00118342621005683,0.00997688534337065,0.0242372371335034,0.0123125213857162,1.34507581212159,0.927892243344899,12,11,"INDPRO","Industrial Production Index [INDPRO]"
3,"XGBoost","Boosting",90,0.0188986636355299,0.00830638121684492,-0.00127488538711385,-0.0368190733869516,0.0289500920112682,0.0128220497177866,0.652801505023679,0.647820075547079,1,1,"INDPRO","Industrial Production Index [INDPRO]"
3,"RandomForest","Tree",90,0.0200344419888925,0.00932771764358349,0.000872767644758208,-0.231328435566062,0.0289500920112682,0.0128220497177866,0.692033793229208,0.727474767988473,2,10,"INDPRO","Industrial Production Index [INDPRO]"
3,"BorutaRF","FeatureSelection+Tree",90,0.0200954623991684,0.00913457473342157,-0.000237949536626083,-0.202786710663182,0.0289500920112682,0.0128220497177866,0.694141572722695,0.712411426758873,3,8,"INDPRO","Industrial Production Index [INDPRO]"
3,"Ridge","Regularization",90,0.0202416963950404,0.00885717099507313,-0.000644758028955204,-0.326128478628705,0.0289500920112682,0.0128220497177866,0.699192817320296,0.690776528715729,4,2,"INDPRO","Industrial Production Index [INDPRO]"
3,"ElasticNet","Regularization",90,0.0210650241753878,0.00890792534867371,-0.000443777140171209,-0.281446918158508,0.0289500920112682,0.0128220497177866,0.727632373920909,0.694734893775737,5,3,"INDPRO","Industrial Production Index [INDPRO]"
3,"Ensemble_Median","Ensemble",90,0.0210798262552654,0.00898478744355905,-0.000394863656090417,-0.284302841341555,0.0289500920112682,0.0128220497177866,0.728143670391807,0.700729418565227,6,7,"INDPRO","Industrial Production Index [INDPRO]"
3,"Ensemble_Mean","Ensemble",90,0.0210875117217716,0.00896796852853789,-0.000209642224402074,-0.273295703079814,0.0289500920112682,0.0128220497177866,0.728409143347931,0.699417700439705,7,6,"INDPRO","Industrial Production Index [INDPRO]"
3,"Ensemble_InvRMSE","Ensemble",90,0.0211029534898194,0.00895089700449784,-0.000170361410331455,-0.271380764889703,0.0289500920112682,0.0128220497177866,0.728942536058451,0.698086281172444,8,4,"INDPRO","Industrial Production Index [INDPRO]"
3,"LASSO","Regularization",90,0.0212468534943781,0.00895445670749519,-0.0003809899989949,-0.283607077897506,0.0289500920112682,0.0128220497177866,0.733913159450692,0.698363904725284,9,5,"INDPRO","Industrial Production Index [INDPRO]"
3,"AR(4)","Baseline",90,0.0214896478462219,0.00932409384394554,-4.19977398892128e-05,-0.194780328415412,0.0289500920112682,0.0128220497177866,0.742299811615712,0.727192145496929,10,9,"INDPRO","Industrial Production Index [INDPRO]"
3,"Factor","Factor",90,0.0241124358974146,0.0100816534644765,0.000192755301414205,-0.27505647403484,0.0289500920112682,0.0128220497177866,0.832896692971798,0.786274713199039,11,11,"INDPRO","Industrial Production Index [INDPRO]"
3,"RW","Baseline",90,0.0289500920112682,0.0128220497177866,7.20548659593787e-05,-0.183311747471381,0.0289500920112682,0.0128220497177866,1,1,12,12,"INDPRO","Industrial Production Index [INDPRO]"
6,"Ensemble_Median","Ensemble",90,0.0189189761708,0.00837963417777477,-0.00130446009458161,0.0337792761976111,0.0262312756974962,0.0125488898531853,0.721237365234425,0.667759003052188,1,1,"INDPRO","Industrial Production Index [INDPRO]"
6,"RandomForest","Tree",90,0.0190552253511376,0.0088725989258117,-0.000133252928398755,0.0017327411682397,0.0262312756974962,0.0125488898531853,0.726431515221978,0.707042537596226,2,4,"INDPRO","Industrial Production Index [INDPRO]"
6,"XGBoost","Boosting",90,0.019169927332082,0.00877360801626281,-0.00097249878212708,-0.0379205541902361,0.0262312756974962,0.0125488898531853,0.730804233585627,0.699154117926676,3,3,"INDPRO","Industrial Production Index [INDPRO]"
6,"Ridge","Regularization",90,0.0193256993780055,0.00853883047603257,-0.00130790205784576,-0.0468750802161672,0.0262312756974962,0.0125488898531853,0.73674264267102,0.680445089241509,4,2,"INDPRO","Industrial Production Index [INDPRO]"
6,"Ensemble_Mean","Ensemble",90,0.0194201989022755,0.00898672474531236,-0.000583478801386355,0.0616300773380635,0.0262312756974962,0.0125488898531853,0.740345194272393,0.716137032873169,5,6,"INDPRO","Industrial Production Index [INDPRO]"
6,"Ensemble_InvRMSE","Ensemble",90,0.0194310875000405,0.00899697746626653,-0.000556232895171849,0.0607004696451933,0.0262312756974962,0.0125488898531853,0.740760294090281,0.71695405502207,6,7,"INDPRO","Industrial Production Index [INDPRO]"
6,"AR(4)","Baseline",90,0.0195185431377454,0.00887987057400686,-0.00109025074618664,0.0290172367657158,0.0262312756974962,0.0125488898531853,0.744094315611516,0.70762200305335,7,5,"INDPRO","Industrial Production Index [INDPRO]"
6,"BorutaRF","FeatureSelection+Tree",90,0.0199468772736458,0.00994404623696906,-0.00020716992071899,-0.0609825257511863,0.0262312756974962,0.0125488898531853,0.760423454187921,0.792424378037307,8,10,"INDPRO","Industrial Production Index [INDPRO]"
6,"Factor","Factor",90,0.0204273015484916,0.00960367270980046,-0.000787877595713726,0.00134702200969385,0.0262312756974962,0.0125488898531853,0.778738395496386,0.765300582135775,9,8,"INDPRO","Industrial Production Index [INDPRO]"
6,"LASSO","Regularization",90,0.0232810448658543,0.00967689914181124,-0.000411297629377132,-0.0285998658397438,0.0262312756974962,0.0125488898531853,0.887530028441447,0.771135873772524,10,9,"INDPRO","Industrial Production Index [INDPRO]"
6,"RW","Baseline",90,0.0262312756974962,0.0125488898531853,-3.28452284715416e-06,0.0286023286338839,0.0262312756974962,0.0125488898531853,1,1,11,12,"INDPRO","Industrial Production Index [INDPRO]"
6,"ElasticNet","Regularization",90,0.0309747740827534,0.012027317056185,-0.00033777502926196,0.132164932120735,0.0262312756974962,0.0125488898531853,1.18083369028483,0.958436737982212,12,11,"INDPRO","Industrial Production Index [INDPRO]"
12,"ElasticNet","Regularization",90,0.0188971353410735,0.00824311121443299,-0.00137654159237308,-0.0694832778412585,0.0267473233986284,0.0134729281374319,0.706505658881836,0.61182774303762,1,2,"INDPRO","Industrial Production Index [INDPRO]"
12,"LASSO","Regularization",90,0.0188971353410735,0.00824311121443299,-0.00137654159237308,-0.0694832778412585,0.0267473233986284,0.0134729281374319,0.706505658881836,0.61182774303762,1,2,"INDPRO","Industrial Production Index [INDPRO]"
12,"Ridge","Regularization",90,0.0189050915562343,0.00824174042028019,-0.00129770753189337,-0.0990170439406848,0.0267473233986284,0.0134729281374319,0.706803117249621,0.61172599869973,3,1,"INDPRO","Industrial Production Index [INDPRO]"
12,"XGBoost","Boosting",90,0.0189065450498445,0.00829910030771919,-0.00127315604898796,0.00416846418161584,0.0267473233986284,0.0134729281374319,0.706857458896765,0.615983416749755,4,5,"INDPRO","Industrial Production Index [INDPRO]"
12,"Ensemble_Median","Ensemble",90,0.0189081211135751,0.00825858987293957,-0.00132543334438854,-0.111823188367399,0.0267473233986284,0.0134729281374319,0.706916383063014,0.612976614192331,5,4,"INDPRO","Industrial Production Index [INDPRO]"
12,"AR(4)","Baseline",90,0.0189700210707379,0.00842489915530166,-0.001356691547427,-0.038664520568593,0.0267473233986284,0.0134729281374319,0.709230631716616,0.625320573921474,6,6,"INDPRO","Industrial Production Index [INDPRO]"
12,"Ensemble_InvRMSE","Ensemble",90,0.0190801733812245,0.00851180908066531,-0.000631044362424626,-0.0459513009670447,0.0267473233986284,0.0134729281374319,0.713348887171378,0.631771281924746,7,8,"INDPRO","Industrial Production Index [INDPRO]"
12,"Ensemble_Mean","Ensemble",90,0.019081793633271,0.00850796076414318,-0.000629831866666835,-0.04829233865745,0.0267473233986284,0.0134729281374319,0.713409463402588,0.631485648654616,8,7,"INDPRO","Industrial Production Index [INDPRO]"
12,"RandomForest","Tree",90,0.0193439814658727,0.00914978365558574,0.000720436368464384,-0.101806933608608,0.0267473233986284,0.0134729281374319,0.723211858531783,0.679123614573797,9,10,"INDPRO","Industrial Production Index [INDPRO]"
12,"Factor","Factor",90,0.0197332583966951,0.00907407289150516,-0.00114593529186003,-0.0910222834403858,0.0267473233986284,0.0134729281374319,0.737765723418403,0.673504140966554,10,9,"INDPRO","Industrial Production Index [INDPRO]"
12,"BorutaRF","FeatureSelection+Tree",90,0.0205721233412167,0.0107571016459717,0.00155730499340751,-0.00649123591600412,0.0267473233986284,0.0134729281374319,0.769128298731814,0.798423441158664,11,11,"INDPRO","Industrial Production Index [INDPRO]"
12,"RW","Baseline",90,0.0267473233986284,0.0134729281374319,-0.000119654556958901,-0.0073680661385609,0.0267473233986284,0.0134729281374319,1,1,12,12,"INDPRO","Industrial Production Index [INDPRO]"
1,"XGBoost","Boosting",88,1.28435074437108,0.352287980096827,0.000266376615300863,-0.111707648898049,1.66392198243679,0.459090909090909,0.771881589358035,0.767359956646555,1,2,"UNRATE","Civilian Unemployment Rate [UNRATE]"
1,"RandomForest","Tree",88,1.30063386217892,0.352157575757576,-0.0129829545454547,-0.101686178161651,1.66392198243679,0.459090909090909,0.781667575708183,0.76707590759076,2,1,"UNRATE","Civilian Unemployment Rate [UNRATE]"
1,"BorutaRF","FeatureSelection+Tree",88,1.31063699081989,0.355771843434344,0.00398087121212097,-0.0887674898424148,1.66392198243679,0.459090909090909,0.787679353151214,0.774948569856987,3,3,"UNRATE","Civilian Unemployment Rate [UNRATE]"
1,"Ensemble_Mean","Ensemble",88,1.64241902271529,0.42016600609726,-0.0750759326538556,-0.10687600685603,1.66392198243679,0.459090909090909,0.987076942339564,0.915213082588091,4,5,"UNRATE","Civilian Unemployment Rate [UNRATE]"
1,"Ensemble_InvRMSE","Ensemble",88,1.64454292018344,0.417662419892837,-0.0734748333913107,-0.107557475699647,1.66392198243679,0.459090909090909,0.988353382876183,0.909759726499249,5,4,"UNRATE","Civilian Unemployment Rate [UNRATE]"
1,"RW","Baseline",88,1.66392198243679,0.459090909090909,1.00916695382167e-17,0.0113472037774826,1.66392198243679,0.459090909090909,1,1,6,7,"UNRATE","Civilian Unemployment Rate [UNRATE]"
1,"Ensemble_Median","Ensemble",88,1.82186757035691,0.441289748689046,-0.103418144675716,-0.124095791218532,1.66392198243679,0.459090909090909,1.09492367405881,0.961225195164258,7,6,"UNRATE","Civilian Unemployment Rate [UNRATE]"
1,"LASSO","Regularization",88,1.87106336862121,0.552064929403154,-0.0979029358409404,-0.127940955986708,1.66392198243679,0.459090909090909,1.1244898428958,1.20251766800687,8,9,"UNRATE","Civilian Unemployment Rate [UNRATE]"
1,"ElasticNet","Regularization",88,1.92118987362866,0.564164184441177,-0.117242044884687,-0.14454201883304,1.66392198243679,0.459090909090909,1.15461535691422,1.22887248096098,9,10,"UNRATE","Civilian Unemployment Rate [UNRATE]"
1,"Factor","Factor",88,1.9918089215137,0.592332857294781,-0.0568613268455952,-0.0113707786266042,1.66392198243679,0.459090909090909,1.19705667846081,1.29022998618665,10,12,"UNRATE","Civilian Unemployment Rate [UNRATE]"
1,"AR(4)","Baseline",88,1.99438849970877,0.565348912956085,-0.231495917447364,-0.203382450500045,1.66392198243679,0.459090909090909,1.19860697842817,1.23145307772613,11,11,"UNRATE","Civilian Unemployment Rate [UNRATE]"
1,"Ridge","Regularization",88,2.05449473741873,0.488999748446485,-0.163445462148081,-0.13557905960012,1.66392198243679,0.459090909090909,1.2347302091712,1.06514796691314,12,8,"UNRATE","Civilian Unemployment Rate [UNRATE]"
3,"XGBoost","Boosting",88,1.1885577233891,0.330352135076696,0.0112679838160561,-0.0693115557311171,1.70093557143762,0.479545454545455,0.698767045235313,0.688885968880313,1,1,"UNRATE","Civilian Unemployment Rate [UNRATE]"
3,"BorutaRF","FeatureSelection+Tree",88,1.21375162357678,0.359946717171717,0.0164465909090909,-0.120963617465889,1.70093557143762,0.479545454545455,0.713578835058947,0.750599789362823,2,3,"UNRATE","Civilian Unemployment Rate [UNRATE]"
3,"Ridge","Regularization",88,1.22792849617772,0.35555317804968,-0.0263219167545174,-0.147799402895671,1.70093557143762,0.479545454545455,0.721913584968937,0.741437906833457,3,2,"UNRATE","Civilian Unemployment Rate [UNRATE]"
3,"Ensemble_Median","Ensemble",88,1.23832508574802,0.363803598006741,-0.0319601780073694,-0.170668548835953,1.70093557143762,0.479545454545455,0.728025862085651,0.758642574042493,4,4,"UNRATE","Civilian Unemployment Rate [UNRATE]"
3,"RandomForest","Tree",88,1.25008138964185,0.40756240530303,-0.0860860164141413,-0.180559550413591,1.70093557143762,0.479545454545455,0.734937531223062,0.849893167456556,5,6,"UNRATE","Civilian Unemployment Rate [UNRATE]"
3,"Factor","Factor",88,1.297462173979,0.37396712936136,-0.0455127413715697,-0.0471600695056734,1.70093557143762,0.479545454545455,0.762793250823951,0.779836667862552,6,5,"UNRATE","Civilian Unemployment Rate [UNRATE]"
3,"AR(4)","Baseline",88,1.3504568485334,0.441313100693713,-0.0812338743541877,-0.14203775643345,1.70093557143762,0.479545454545455,0.79394944241892,0.92027376447978,7,9,"UNRATE","Civilian Unemployment Rate [UNRATE]"
3,"Ensemble_Mean","Ensemble",88,1.41807657071199,0.419305532174626,-0.0861391269550638,-0.126384467570027,1.70093557143762,0.479545454545455,0.833703871283873,0.874381204534765,8,7,"UNRATE","Civilian Unemployment Rate [UNRATE]"
3,"Ensemble_InvRMSE","Ensemble",88,1.41872970450094,0.420343073405677,-0.0870472156081467,-0.127425821442667,1.70093557143762,0.479545454545455,0.834087856309475,0.876544797623214,9,8,"UNRATE","Civilian Unemployment Rate [UNRATE]"
3,"RW","Baseline",88,1.70093557143762,0.479545454545455,0,-0.0332106044818835,1.70093557143762,0.479545454545455,1,1,10,10,"UNRATE","Civilian Unemployment Rate [UNRATE]"
3,"ElasticNet","Regularization",88,2.36287237573205,0.598941351507769,-0.263770578842846,-0.123746019855691,1.70093557143762,0.479545454545455,1.38916042171719,1.24897722589298,11,11,"UNRATE","Civilian Unemployment Rate [UNRATE]"
3,"LASSO","Regularization",88,2.41563493914813,0.636612376409876,-0.300041589583459,-0.13948130190959,1.70093557143762,0.479545454545455,1.42018015244778,1.32753291763197,12,12,"UNRATE","Civilian Unemployment Rate [UNRATE]"
6,"XGBoost","Boosting",88,1.1953952718896,0.350541920354854,0.0125392267626012,-0.00415360700525577,1.72224747456234,0.547727272727273,0.694090303249462,0.639993547535834,1,1,"UNRATE","Civilian Unemployment Rate [UNRATE]"
6,"RandomForest","Tree",88,1.20255909701125,0.362286047979798,-0.0369326388888889,-0.0375309584121816,1.72224747456234,0.547727272727273,0.698249882652225,0.661435108344859,2,2,"UNRATE","Civilian Unemployment Rate [UNRATE]"
6,"BorutaRF","FeatureSelection+Tree",88,1.20788427707625,0.399809974747475,0.0187284722222223,0.0326400898014353,1.72224747456234,0.547727272727273,0.701341877353135,0.729943522360535,3,5,"UNRATE","Civilian Unemployment Rate [UNRATE]"
6,"Ridge","Regularization",88,1.23715047340657,0.380075073811115,0.0034670196764587,-0.0671351274315024,1.72224747456234,0.547727272727273,0.718334903478928,0.693912997829422,4,4,"UNRATE","Civilian Unemployment Rate [UNRATE]"
6,"Ensemble_Median","Ensemble",88,1.24476283804571,0.373664337687821,0.0184618315313671,-0.0526632329996732,1.72224747456234,0.547727272727273,0.722754921363453,0.682208749305565,5,3,"UNRATE","Civilian Unemployment Rate [UNRATE]"
6,"Ensemble_Mean","Ensemble",88,1.334746398798,0.43028820714103,-0.0280142752500681,-0.0547159962331262,1.72224747456234,0.547727272727273,0.775002674419472,0.785588427975324,6,8,"UNRATE","Civilian Unemployment Rate [UNRATE]"
6,"Ensemble_InvRMSE","Ensemble",88,1.33480998816889,0.429799061641324,-0.0296531053947577,-0.0544821689576083,1.72224747456234,0.547727272727273,0.775039596738612,0.78469538224972,7,7,"UNRATE","Civilian Unemployment Rate [UNRATE]"
6,"AR(4)","Baseline",88,1.34837432455768,0.442414960520751,-0.0108806449365864,-0.0592065041791007,1.72224747456234,0.547727272727273,0.782915547546576,0.807728558627097,8,9,"UNRATE","Civilian Unemployment Rate [UNRATE]"
6,"Factor","Factor",88,1.35230255017587,0.417947645005675,-0.00704475463676706,-0.0602849940085119,1.72224747456234,0.547727272727273,0.785196419300609,0.763057941089198,9,6,"UNRATE","Civilian Unemployment Rate [UNRATE]"
6,"LASSO","Regularization",88,1.55965605282864,0.560523933804477,-0.0213673758600246,-0.0349993672333566,1.72224747456234,0.547727272727273,0.905593461952951,1.02336319864718,10,11,"UNRATE","Civilian Unemployment Rate [UNRATE]"
6,"RW","Baseline",88,1.72224747456234,0.547727272727273,-0.00227272727272728,-0.0589282075291085,1.72224747456234,0.547727272727273,1,1,11,10,"UNRATE","Civilian Unemployment Rate [UNRATE]"
6,"ElasticNet","Regularization",88,2.82890735025354,0.746144003706204,-0.208365054316901,-0.0327463836181915,1.72224747456234,0.547727272727273,1.64256728027569,1.36225461257564,12,12,"UNRATE","Civilian Unemployment Rate [UNRATE]"
12,"Ridge","Regularization",88,1.18688317628824,0.323601218730133,0.00407523569291324,-0.0858675619790794,1.66685604984626,0.536363636363636,0.712048995711245,0.603324306107027,1,2,"UNRATE","Civilian Unemployment Rate [UNRATE]"
12,"Ensemble_Median","Ensemble",88,1.18736471935703,0.325304473478434,0.00988362007754685,-0.0662967220286309,1.66685604984626,0.536363636363636,0.712337888725628,0.60649986580725,2,3,"UNRATE","Civilian Unemployment Rate [UNRATE]"
12,"XGBoost","Boosting",88,1.18852905850056,0.320195306533291,0.0187286666726736,-0.101772017830605,1.66685604984626,0.536363636363636,0.713036412838516,0.596974300316306,3,1,"UNRATE","Civilian Unemployment Rate [UNRATE]"
12,"Factor","Factor",88,1.18873382443917,0.3404788694343,0.00473307621331573,-0.0137905349046569,1.66685604984626,0.536363636363636,0.713159258442746,0.634791112504628,4,6,"UNRATE","Civilian Unemployment Rate [UNRATE]"
12,"ElasticNet","Regularization",88,1.18896378572182,0.327027274872057,0.0268428526449347,-0.0196283323109598,1.66685604984626,0.536363636363636,0.713297219535831,0.60971186840553,5,4,"UNRATE","Civilian Unemployment Rate [UNRATE]"
12,"LASSO","Regularization",88,1.18972012592419,0.328753740704023,0.027308769374246,-0.0187657003690705,1.66685604984626,0.536363636363636,0.71375097209739,0.6129307030075,6,5,"UNRATE","Civilian Unemployment Rate [UNRATE]"
12,"Ensemble_Mean","Ensemble",88,1.19962142465394,0.360307808586057,-0.0223513682647771,-0.0252611454729668,1.66685604984626,0.536363636363636,0.71969107636174,0.671760321092649,7,7,"UNRATE","Civilian Unemployment Rate [UNRATE]"
12,"Ensemble_InvRMSE","Ensemble",88,1.19964030055501,0.360864455815507,-0.0237442495065911,-0.0256227836638916,1.66685604984626,0.536363636363636,0.719702400615612,0.672798137961114,8,8,"UNRATE","Civilian Unemployment Rate [UNRATE]"
12,"RandomForest","Tree",88,1.20498158411862,0.392357891414142,-0.0525056818181818,-0.0582550395055498,1.66685604984626,0.536363636363636,0.722906806637417,0.731514712806026,9,10,"UNRATE","Civilian Unemployment Rate [UNRATE]"
12,"AR(4)","Baseline",88,1.26620278017111,0.387135382062387,0.00953222895831694,-0.0349516867139,1.66685604984626,0.536363636363636,0.759635350807823,0.721777830963771,10,9,"UNRATE","Civilian Unemployment Rate [UNRATE]"
12,"BorutaRF","FeatureSelection+Tree",88,1.45668034389003,0.681422727272727,-0.244422916666667,-0.0144342321005367,1.66685604984626,0.536363636363636,0.87390890414585,1.27044915254237,11,12,"UNRATE","Civilian Unemployment Rate [UNRATE]"
12,"RW","Baseline",88,1.66685604984626,0.536363636363636,0.00454545454545456,0.00803316550735594,1.66685604984626,0.536363636363636,1,1,12,11,"UNRATE","Civilian Unemployment Rate [UNRATE]"
